"name"	"code"	"parent"
"Austria"	"AT"	
"Belgium"	"BE"	
"Germany"	"DE"	
"Denmark"	"DK"	
"Spain"	"ES"	
"European Union"	"EU"	
"Finland"	"FI"	
"France"	"FR"	
"Greece"	"GR"	
"Italy"	"IT"	
"Luxembourg"	"LU"	
"Netherlands"	"NL"	
"Portugal"	"PT"	
"Sweden"	"SE"	
"United Kingdom"	"UK"	
"World"	"WO"	
"Poland"	"PL"	
"Bulgaria"	"BG"	
"Cyprus"	"CY"	
"Hungary"	"HU"	
"Norway"	"NO"	
"Ostösterreich"	"AT1"	"Austria"
"Südösterreich"	"AT2"	"Austria"
"Westösterreich"	"AT3"	"Austria"
"Région Bruxelles-Capitale / Brussels Hoofdstedelijke Gewest"	"BE1"	"Belgium"
"Vlaams Gewest"	"BE2"	"Belgium"
"Région Wallonne"	"BE3"	"Belgium"
"Baden-Württemberg"	"DE1"	"Germany"
"Bayern"	"DE2"	"Germany"
"Berlin"	"DE3"	"Germany"
"Brandenburg"	"DE4"	"Germany"
"Bremen"	"DE5"	"Germany"
"Hamburg"	"DE6"	"Germany"
"Hessen"	"DE7"	"Germany"
"Mecklenburg-Vorpommern"	"DE8"	"Germany"
"Niedersachsen"	"DE9"	"Germany"
"Nordrhein-Westfalen"	"DEA"	"Germany"
"Rheinland-Pfalz"	"DEB"	"Germany"
"Saarland"	"DEC"	"Germany"
"Sachsen"	"DED"	"Germany"
"Sachsen-Anhalt"	"DEE"	"Germany"
"Schleswig-Holstein"	"DEF"	"Germany"
"Thüringen"	"DEG"	"Germany"
"Noroeste"	"ES1"	"Spain"
"Noreste"	"ES2"	"Spain"
"Comunidad de Madrid"	"ES3"	"Spain"
"Centro"	"ES4"	"Spain"
"Este"	"ES5"	"Spain"
"Sur"	"ES6"	"Spain"
"Canarias"	"ES7"	"Spain"
"Manner-Suomi"	"FI1"	"Finland"
"Åland"	"FI2"	"Finland"
"île de France"	"FR1"	"France"
"Bassin Parisien"	"FR2"	"France"
"Nord - Pas-De-Calais"	"FR3"	"France"
"Est"	"FR4"	"France"
"Ouest"	"FR5"	"France"
"Sud-Ouest"	"FR6"	"France"
"Centre-Est"	"FR7"	"France"
"Méditerranée"	"FR8"	"France"
"Départements d\'Outre-Mer"	"FR9"	"France"
"Voreia Ellada"	"GR1"	"Greece"
"Kentriki Ellada"	"GR2"	"Greece"
"Attiki"	"GR3"	"Greece"
"Nisia Aigaiou, Kriti"	"GR4"	"Greece"
"Ireland"	"IE"	"Ireland"
"Nord Ovest"	"ITC"	"Italy"
"Nord Est"	"ITD"	"Italy"
"Centro (I)"	"ITE"	"Italy"
"Sud"	"ITF"	"Italy"
"Isole"	"ITG"	"Italy"
"Noord-Nederland"	"NL1"	"Netherlands"
"Oost-Nederland"	"NL2"	"Netherlands"
"West-Nederland"	"NL3"	"Netherlands"
"Zuid-Nederland"	"NL4"	"Netherlands"
"Continente"	"PT1"	"Portugal"
"Região Autónoma dos Açores"	"PT2"	"Portugal"
"Região Autónoma da Madeira"	"PT3"	"Portugal"
"North East"	"UKC"	"United Kingdom"
"North West"	"UKD"	"United Kingdom"
"Yorkshire and the Humber"	"UKE"	"United Kingdom"
"East Midlands"	"UKF"	"United Kingdom"
"West Midlands"	"UKG"	"United Kingdom"
"East of England"	"UKH"	"United Kingdom"
"London"	"UKI"	"United Kingdom"
"South East"	"UKJ"	"United Kingdom"
"South West"	"UKK"	"United Kingdom"
"Wales"	"UKL"	"United Kingdom"
"Scotland"	"UKM"	"United Kingdom"
"Northern Ireland"	"UKN"	"United Kingdom"
"Czech Republic"	"CZ"	"Czech Republic"
"Slovakia"	"SK"	"Slovakia"
"Polnocno-Zachodni"	"PL4"	"Poland"
"Wschodni"	"PL3"	"Poland"
"Poludniowy"	"PL2"	"Poland"
"Centralny"	"PL1"	"Poland"
"Poludniowo-Zachodni"	"PL5"	"Poland"
"Polnocny"	"PL6"	"Poland"
"Romania"	"RO"	"Romania"
"Slovenia"	"SI"	"Slovenia"
"Lithuania"	"LT"	"Lithuania"
"Latvia"	"LV"	"Latvia"
"Estonia"	"EE"	"Estonia"
"Severna Bulgaria"	"BG1"	"Bulgaria"
"Yuzhna Bulgaria"	"BG2"	"Bulgaria"
"Kypros / Kibris"	"CY0"	"Cyprus"
"Kozep-Magyarorszag"	"HU1"	"Hungary"
"Dunantul"	"HU2"	"Hungary"
"Alfod es Eszak"	"HU3"	"Hungary"
"Malta"	"MT"	"Malta"
"Norge"	"NO0"	"Norway"
"Luxembourg (Grand-Duché)"	"LU0"	"Luxembourg"
"Burgenland"	"AT11"	"Ostösterreich"
"Niederösterreich"	"AT12"	"Ostösterreich"
"Wien"	"AT13"	"Ostösterreich"
"Kärnten"	"AT21"	"Südösterreich"
"Steiermark"	"AT22"	"Südösterreich"
"Oberösterreich"	"AT31"	"Westösterreich"
"Salzburg"	"AT32"	"Westösterreich"
"Tirol"	"AT33"	"Westösterreich"
"Vorarlberg"	"AT34"	"Westösterreich"
"Prov. Antwerpen"	"BE21"	"Vlaams Gewest"
"Prov. Limburg (B)"	"BE22"	"Vlaams Gewest"
"Prov. Oost-Vlaanderen"	"BE23"	"Vlaams Gewest"
"Prov. Vlaams Brabant"	"BE24"	"Vlaams Gewest"
"Prov. West-Vlaanderen"	"BE25"	"Vlaams Gewest"
"Prov. Hainaut"	"BE32"	"Région Wallonne"
"Prov. Liège"	"BE33"	"Région Wallonne"
"Prov. Luxembourg (B)"	"BE34"	"Région Wallonne"
"Prov. Namur"	"BE35"	"Région Wallonne"
"Stuttgart"	"DE11"	"Baden-Württemberg"
"Karlsruhe"	"DE12"	"Baden-Württemberg"
"Freiburg"	"DE13"	"Baden-Württemberg"
"Tübingen"	"DE14"	"Baden-Württemberg"
"Oberbayern"	"DE21"	"Bayern"
"Niederbayern"	"DE22"	"Bayern"
"Oberpfalz"	"DE23"	"Bayern"
"Oberfranken"	"DE24"	"Bayern"
"Mittelfranken"	"DE25"	"Bayern"
"Unterfranken"	"DE26"	"Bayern"
"Schwaben"	"DE27"	"Bayern"
"Darmstadt"	"DE71"	"Hessen"
"Gießen"	"DE72"	"Hessen"
"Kassel"	"DE73"	"Hessen"
"Braunschweig"	"DE91"	"Niedersachsen"
"Hannover"	"DE92"	"Niedersachsen"
"Lüneburg"	"DE93"	"Niedersachsen"
"Weser-Ems"	"DE94"	"Niedersachsen"
"Düsseldorf"	"DEA1"	"Nordrhein-Westfalen"
"Köln"	"DEA2"	"Nordrhein-Westfalen"
"Münster"	"DEA3"	"Nordrhein-Westfalen"
"Detmold"	"DEA4"	"Nordrhein-Westfalen"
"Arnsberg"	"DEA5"	"Nordrhein-Westfalen"
"Koblenz"	"DEB1"	"Rheinland-Pfalz"
"Trier"	"DEB2"	"Rheinland-Pfalz"
"Rheinhessen-Pfalz"	"DEB3"	"Rheinland-Pfalz"
"Chemnitz"	"DED1"	"Sachsen"
"Dresden"	"DED2"	"Sachsen"
"Leipzig"	"DED3"	"Sachsen"
"Dessau"	"DEE1"	"Sachsen-Anhalt"
"Halle"	"DEE2"	"Sachsen-Anhalt"
"Magdeburg"	"DEE3"	"Sachsen-Anhalt"
"Galicia"	"ES11"	"Noroeste"
"Principado de Asturias"	"ES12"	"Noroeste"
"Cantabria"	"ES13"	"Noroeste"
"País Vasco"	"ES21"	"Noreste"
"Comunidad Foral de Navarra"	"ES22"	"Noreste"
"La Rioja"	"ES23"	"Noreste"
"Aragón"	"ES24"	"Noreste"
"Castilla y León"	"ES41"	"Centro"
"Castilla-la Mancha"	"ES42"	"Centro"
"Extremadura"	"ES43"	"Centro"
"Cataluña"	"ES51"	"Este"
"Comunidad Valenciana"	"ES52"	"Este"
"Illes Balears"	"ES53"	"Este"
"Andalucía"	"ES61"	"Sur"
"Región de Murcia"	"ES62"	"Sur"
"Ceuta y Melilla"	"ES63"	"Sur"
"Itä-Suomi"	"FI13"	"Manner-Suomi"
"Etelä-Suomi"	"FI18"	"Manner-Suomi"
"Länsi-Suomi"	"FI19"	"Manner-Suomi"
"Pohjois-Suomi"	"FI1A"	"Manner-Suomi"
"Åland"	"FI20"	"Åland"
"Champagne-Ardenne"	"FR21"	"Bassin Parisien"
"Picardie"	"FR22"	"Bassin Parisien"
"Haute-Normandie"	"FR23"	"Bassin Parisien"
"Centre"	"FR24"	"Bassin Parisien"
"Basse-Normandie"	"FR25"	"Bassin Parisien"
"Bourgogne"	"FR26"	"Bassin Parisien"
"Lorraine"	"FR41"	"Est"
"Alsace"	"FR42"	"Est"
"Franche-Comté"	"FR43"	"Est"
"Pays de la Loire"	"FR51"	"Ouest"
"Bretagne"	"FR52"	"Ouest"
"Poitou-Charentes"	"FR53"	"Ouest"
"Aquitaine"	"FR61"	"Sud-Ouest"
"Midi-Pyrénées"	"FR62"	"Sud-Ouest"
"Limousin"	"FR63"	"Sud-Ouest"
"Rhône-Alpes"	"FR71"	"Centre-Est"
"Auvergne"	"FR72"	"Centre-Est"
"Languedoc-Roussillon"	"FR81"	"Méditerranée"
"Provence-Alpes-Côte d\'Azur"	"FR82"	"Méditerranée"
"Corse"	"FR83"	"Méditerranée"
"Guadeloupe"	"FR91"	"Départements d\'Outre-Mer"
"Martinique"	"FR92"	"Départements d\'Outre-Mer"
"Guyane"	"FR93"	"Départements d\'Outre-Mer"
"Réunion"	"FR94"	"Départements d\'Outre-Mer"
"Anatoliki Makedonia, Thraki"	"GR11"	"Voreia Ellada"
"Kentriki Makedonia"	"GR12"	"Voreia Ellada"
"Dytiki Makedonia"	"GR13"	"Voreia Ellada"
"Thessalia"	"GR14"	"Voreia Ellada"
"Ipeiros"	"GR21"	"Kentriki Ellada"
"Ionia Nisia"	"GR22"	"Kentriki Ellada"
"Dytiki Ellada"	"GR23"	"Kentriki Ellada"
"Sterea Ellada"	"GR24"	"Kentriki Ellada"
"Peloponnisos"	"GR25"	"Kentriki Ellada"
"Voreio Aigaio"	"GR41"	"Nisia Aigaiou, Kriti"
"Notio Aigaio"	"GR42"	"Nisia Aigaiou, Kriti"
"Kriti"	"GR43"	"Nisia Aigaiou, Kriti"
"Border, Midland and Western"	"IE01"	"Ireland"
"Southern and Eastern"	"IE02"	"Ireland"
"Piemonte"	"ITC1"	"Nord Ovest"
"Valle d\'Aosta/Vallée d\'Aoste"	"ITC2"	"Nord Ovest"
"Liguria"	"ITC3"	"Nord Ovest"
"Lombardia"	"ITC4"	"Nord Ovest"
"Provincia Autonoma Bolzano/Bozen"	"ITD1"	"Nord Est"
"Veneto"	"ITD3"	"Nord Est"
"Friuli-Venezia Giulia"	"ITD4"	"Nord Est"
"Emilia-Romagna"	"ITD5"	"Nord Est"
"Toscana"	"ITE1"	"Centro (I)"
"Umbria"	"ITE2"	"Centro (I)"
"Marche"	"ITE3"	"Centro (I)"
"Lazio"	"ITE4"	"Centro (I)"
"Abruzzo"	"ITF1"	"Sud"
"Molise"	"ITF2"	"Sud"
"Campania"	"ITF3"	"Sud"
"Puglia"	"ITF4"	"Sud"
"Basilicata"	"ITF5"	"Sud"
"Calabria"	"ITF6"	"Sud"
"Sicilia"	"ITG1"	"Isole"
"Groningen"	"NL11"	"Noord-Nederland"
"Friesland"	"NL12"	"Noord-Nederland"
"Drenthe"	"NL13"	"Noord-Nederland"
"Overijssel"	"NL21"	"Oost-Nederland"
"Gelderland"	"NL22"	"Oost-Nederland"
"Flevoland"	"NL23"	"Oost-Nederland"
"Utrecht"	"NL31"	"West-Nederland"
"Noord-Holland"	"NL32"	"West-Nederland"
"Zuid-Holland"	"NL33"	"West-Nederland"
"Zeeland"	"NL34"	"West-Nederland"
"Noord-Brabant"	"NL41"	"Zuid-Nederland"
"Limburg (NL)"	"NL42"	"Zuid-Nederland"
"Norte"	"PT11"	"Continente"
"Centro (P)"	"PT16"	"Continente"
"Lisboa"	"PT17"	"Continente"
"Região Autónoma dos Açores"	"PT20"	"Região Autónoma dos Açores"
"Alentejo"	"PT18"	"Continente"
"Stockholm"	"SE01"	"Sweden"
"Östra Mellansverige"	"SE02"	"Sweden"
"Sydsverige"	"SE04"	"Sweden"
"Norra Mellansverige"	"SE06"	"Sweden"
"Mellersta Norrland"	"SE07"	"Sweden"
"Övre Norrland"	"SE08"	"Sweden"
"Småland med öarna"	"SE09"	"Sweden"
"Västsverige"	"SE0A"	"Sweden"
"Tees Valley and Durham"	"UKC1"	"North East"
"Northumberland and Tyne and Wear"	"UKC2"	"North East"
"Cumbria"	"UKD1"	"North West"
"Cheshire"	"UKD2"	"North West"
"Greater Manchester"	"UKD3"	"North West"
"Lancashire"	"UKD4"	"North West"
"Merseyside"	"UKD5"	"North West"
"East Riding and North Lincolnshire"	"UKE1"	"Yorkshire and the Humber"
"North Yorkshire"	"UKE2"	"Yorkshire and the Humber"
"South Yorkshire"	"UKE3"	"Yorkshire and the Humber"
"West Yorkshire"	"UKE4"	"Yorkshire and the Humber"
"Derbyshire and Nottinghamshire"	"UKF1"	"East Midlands"
"Leicestershire, Rutland and Northamptonshire"	"UKF2"	"East Midlands"
"Lincolnshire"	"UKF3"	"East Midlands"
"Herefordshire, Worcestershire and Warwickshire"	"UKG1"	"West Midlands"
"Shropshire and Staffordshire"	"UKG2"	"West Midlands"
"West Midlands"	"UKG3"	"West Midlands"
"East Anglia"	"UKH1"	"East of England"
"Bedfordshire and Hertfordshire"	"UKH2"	"East of England"
"Essex"	"UKH3"	"East of England"
"Inner London"	"UKI1"	"London"
"Outer London"	"UKI2"	"London"
"Berkshire, Buckinghamshire and Oxfordshire"	"UKJ1"	"South East"
"Surrey, East and West Sussex"	"UKJ2"	"South East"
"Hampshire and Isle of Wight"	"UKJ3"	"South East"
"Kent"	"UKJ4"	"South East"
"Gloucestershire, Wiltshire and North Somerset"	"UKK1"	"South West"
"Dorset and Somerset"	"UKK2"	"South West"
"Cornwall and Isles of Scilly"	"UKK3"	"South West"
"Devon"	"UKK4"	"South West"
"West Wales and The Valleys"	"UKL1"	"Wales"
"East Wales"	"UKL2"	"Wales"
"North Eastern Scotland"	"UKM1"	"Scotland"
"Eastern Scotland"	"UKM2"	"Scotland"
"South Western Scotland"	"UKM3"	"Scotland"
"Highlands and Islands"	"UKM4"	"Scotland"
"Praha"	"CZ01"	"Czech Republic"
"Stredni Cechy"	"CZ02"	"Czech Republic"
"Jihozapad"	"CZ03"	"Czech Republic"
"Severozapad"	"CZ04"	"Czech Republic"
"Severovychod"	"CZ05"	"Czech Republic"
"Jihovychod"	"CZ06"	"Czech Republic"
"Stredni Morava"	"CZ07"	"Czech Republic"
"Moravskoslezsko"	"CZ08"	"Czech Republic"
"Bratislavsky kraj"	"SK01"	"Slovakia"
"Zapadne Slovensko"	"SK02"	"Slovakia"
"Stredne Slovensko"	"SK03"	"Slovakia"
"Vychodne Slovensko"	"SK04"	"Slovakia"
"Zachodniopomorskie"	"PL42"	"Polnocno-Zachodni"
"Wielkopolskie"	"PL41"	"Polnocno-Zachodni"
"Podlaskie"	"PL34"	"Wschodni"
"Swietokrzyskie"	"PL33"	"Wschodni"
"Podkarpackie"	"PL32"	"Wschodni"
"Lubelskie"	"PL31"	"Wschodni"
"Slaskie"	"PL22"	"Poludniowy"
"Malopolskie"	"PL21"	"Poludniowy"
"Mazowieckie"	"PL12"	"Centralny"
"Lodzkie"	"PL11"	"Centralny"
"Lubuskie"	"PL43"	"Polnocno-Zachodni"
"Dolnoslaskie"	"PL51"	"Poludniowo-Zachodni"
"Opolskie"	"PL52"	"Poludniowo-Zachodni"
"Kujawsko-Pomorskie"	"PL61"	"Polnocny"
"Warminsko-Mazurskie"	"PL62"	"Polnocny"
"Pomorskie"	"PL63"	"Polnocny"
"Nord-Est"	"RO01"	"Romania"
"Sud-Est"	"RO02"	"Romania"
"Sud"	"RO03"	"Romania"
"Sud-Vest"	"RO04"	"Romania"
"Vest"	"RO05"	"Romania"
"Nord-Vest"	"RO06"	"Romania"
"Centru"	"RO07"	"Romania"
"Bucuresti"	"RO08"	"Romania"
"Slovenija"	"SI00"	"Slovenia"
"Lietuva"	"LT00"	"Lithuania"
"Latvija"	"LV00"	"Latvia"
"Eesti"	"EE00"	"Estonia"
"Severozapaden"	"BG11"	"Severna Bulgaria"
"Severen tsentralen"	"BG12"	"Severna Bulgaria"
"Severoiztochen"	"BG13"	"Severna Bulgaria"
"Yugozapaden"	"BG21"	"Yuzhna Bulgaria"
"Yuzhen tsentralen"	"BG22"	"Yuzhna Bulgaria"
"Yugoiztochen"	"BG23"	"Yuzhna Bulgaria"
"Kypros / Kibris"	"CY00"	"Kypros / Kibris"
"Kozep-Magyarorszag"	"HU10"	"Kozep-Magyarorszag"
"Kozep-Dunantul"	"HU21"	"Dunantul"
"Nyugat-Dunantul"	"HU22"	"Dunantul"
"Del-Dunantul"	"HU23"	"Dunantul"
"Eszak-Magyarorszag"	"HU31"	"Alfod es Eszak"
"Eszak-Alfold"	"HU32"	"Alfod es Eszak"
"Del-Alfold"	"HU33"	"Alfod es Eszak"
"Malta"	"MT00"	"Malta"
"Oslo og Akershus"	"NO01"	"Norge"
"Hedmark og Oppland"	"NO02"	"Norge"
"Sør-Østlandet"	"NO03"	"Norge"
"Agder og Rogaland"	"NO04"	"Norge"
"Vestlandet"	"NO05"	"Norge"
"Trøndelag"	"NO06"	"Norge"
"Nord-Norge"	"NO07"	"Norge"
"Provincia Autonoma Trento"	"ITD2"	"Nord Est"
"Sardegna"	"ITG2"	"Isole"
"Luxembourg (Grand-Duché)"	"LU00"	"Luxembourg (Grand-Duché)"
"Algarve"	"PT15"	"Continente"
"Região Autónoma da Madeira"	"PT30"	"Região Autónoma da Madeira"
"Mittelburgenland"	"AT111"	"Burgenland"
"Nordburgenland"	"AT112"	"Burgenland"
"Südburgenland"	"AT113"	"Burgenland"
"Mostviertel-Eisenwurzen"	"AT121"	"Niederösterreich"
"Niederösterreich-Süd"	"AT122"	"Niederösterreich"
"Sankt Pölten"	"AT123"	"Niederösterreich"
"Waldviertel"	"AT124"	"Niederösterreich"
"Weinviertel"	"AT125"	"Niederösterreich"
"Wiener Umland/Nordteil"	"AT126"	"Niederösterreich"
"Wiener Umland/Südteil"	"AT127"	"Niederösterreich"
"Klagenfurt-Villach"	"AT211"	"Kärnten"
"Oberkärnten"	"AT212"	"Kärnten"
"Unterkärnten"	"AT213"	"Kärnten"
"Graz"	"AT221"	"Steiermark"
"Liezen"	"AT222"	"Steiermark"
"Östliche Obersteiermark"	"AT223"	"Steiermark"
"Oststeiermark"	"AT224"	"Steiermark"
"West- und Südsteiermark"	"AT225"	"Steiermark"
"Westliche Obersteiermark"	"AT226"	"Steiermark"
"Innviertel"	"AT311"	"Oberösterreich"
"Linz-Wels"	"AT312"	"Oberösterreich"
"Mühlviertel"	"AT313"	"Oberösterreich"
"Steyr-Kirchdorf"	"AT314"	"Oberösterreich"
"Traunviertel"	"AT315"	"Oberösterreich"
"Lungau"	"AT321"	"Salzburg"
"Pinzgau-Pongau"	"AT322"	"Salzburg"
"Salzburg und Umgebung"	"AT323"	"Salzburg"
"Außerfern"	"AT331"	"Tirol"
"Innsbruck"	"AT332"	"Tirol"
"Osttirol"	"AT333"	"Tirol"
"Tiroler Oberland"	"AT334"	"Tirol"
"Tiroler Unterland"	"AT335"	"Tirol"
"Bludenz-Bregenzer Wald"	"AT341"	"Vorarlberg"
"Rheintal-Bodenseegebiet"	"AT342"	"Vorarlberg"
"Arr. Antwerpen"	"BE211"	"Prov. Antwerpen"
"Arr. Mechelen"	"BE212"	"Prov. Antwerpen"
"Arr. Turnhout"	"BE213"	"Prov. Antwerpen"
"Arr. Hasselt"	"BE221"	"Prov. Limburg (B)"
"Arr. Maaseik"	"BE222"	"Prov. Limburg (B)"
"Arr. Tongeren"	"BE223"	"Prov. Limburg (B)"
"Arr. Aalst"	"BE231"	"Prov. Oost-Vlaanderen"
"Arr. Dendermonde"	"BE232"	"Prov. Oost-Vlaanderen"
"Arr. Eeklo"	"BE233"	"Prov. Oost-Vlaanderen"
"Arr. Gent"	"BE234"	"Prov. Oost-Vlaanderen"
"Arr. Oudenaarde"	"BE235"	"Prov. Oost-Vlaanderen"
"Arr. Sint-Niklaas"	"BE236"	"Prov. Oost-Vlaanderen"
"Arr. Halle-Vilvoorde"	"BE241"	"Prov. Vlaams Brabant"
"Arr. Leuven"	"BE242"	"Prov. Vlaams Brabant"
"Arr. Brugge"	"BE251"	"Prov. West-Vlaanderen"
"Arr. Diksmuide"	"BE252"	"Prov. West-Vlaanderen"
"Arr. Ieper"	"BE253"	"Prov. West-Vlaanderen"
"Arr. Kortrijk"	"BE254"	"Prov. West-Vlaanderen"
"Arr. Oostende"	"BE255"	"Prov. West-Vlaanderen"
"Arr. Roeselare"	"BE256"	"Prov. West-Vlaanderen"
"Arr. Tielt"	"BE257"	"Prov. West-Vlaanderen"
"Arr. Veurne"	"BE258"	"Prov. West-Vlaanderen"
"Prov. Brabant Wallon"	"BE3"	"Région Wallonne"
"Arr. Nivelles"	"BE31"	"Prov. Brabant Wallon"
"Arr. Ath"	"BE321"	"Prov. Hainaut"
"Arr. Charleroi"	"BE322"	"Prov. Hainaut"
"Arr. Mons"	"BE323"	"Prov. Hainaut"
"Arr. Mouscron"	"BE324"	"Prov. Hainaut"
"Arr. Soignies"	"BE325"	"Prov. Hainaut"
"Arr. Thuin"	"BE326"	"Prov. Hainaut"
"Arr. Tournai"	"BE327"	"Prov. Hainaut"
"Arr. Huy"	"BE331"	"Prov. Liège"
"Arr. Liège"	"BE332"	"Prov. Liège"
"Arr. Verviers"	"BE333"	"Prov. Liège"
"Arr. Waremme"	"BE334"	"Prov. Liège"
"Arr. Arlon"	"BE341"	"Prov. Luxembourg (B)"
"Arr. Bastogne"	"BE342"	"Prov. Luxembourg (B)"
"Arr. Marche-en-Famenne"	"BE343"	"Prov. Luxembourg (B)"
"Arr. Neufchâteau"	"BE344"	"Prov. Luxembourg (B)"
"Arr. Virton"	"BE345"	"Prov. Luxembourg (B)"
"Arr. Dinant"	"BE351"	"Prov. Namur"
"Arr. Namur"	"BE352"	"Prov. Namur"
"Arr. Philippeville"	"BE353"	"Prov. Namur"
"Stuttgart, Stadtkreis"	"DE111"	"Stuttgart"
"Böblingen"	"DE112"	"Stuttgart"
"Esslingen"	"DE113"	"Stuttgart"
"Göppingen"	"DE114"	"Stuttgart"
"Ludwigsburg"	"DE115"	"Stuttgart"
"Rems-Murr-Kreis"	"DE116"	"Stuttgart"
"Heilbronn, Stadtkreis"	"DE117"	"Stuttgart"
"Heilbronn, Landkreis"	"DE118"	"Stuttgart"
"Hohenlohekreis"	"DE119"	"Stuttgart"
"Schwäbisch Hall"	"DE11A"	"Stuttgart"
"Main-Tauber-Kreis"	"DE11B"	"Stuttgart"
"Heidenheim"	"DE11C"	"Stuttgart"
"Ostalbkreis"	"DE11D"	"Stuttgart"
"Baden-Baden, Stadtkreis"	"DE121"	"Karlsruhe"
"Karlsruhe, Stadtkreis"	"DE122"	"Karlsruhe"
"Karlsruhe, Landkreis"	"DE123"	"Karlsruhe"
"Rastatt"	"DE124"	"Karlsruhe"
"Heidelberg, Stadtkreis"	"DE125"	"Karlsruhe"
"Mannheim, Stadtkreis"	"DE126"	"Karlsruhe"
"Neckar-Odenwald-Kreis"	"DE127"	"Karlsruhe"
"Rhein-Neckar-Kreis"	"DE128"	"Karlsruhe"
"Pforzheim, Stadtkreis"	"DE129"	"Karlsruhe"
"Calw"	"DE12A"	"Karlsruhe"
"Enzkreis"	"DE12B"	"Karlsruhe"
"Freudenstadt"	"DE12C"	"Karlsruhe"
"Freiburg im Breisgau, Stadtkreis"	"DE131"	"Freiburg"
"Breisgau-Hochschwarzwald"	"DE132"	"Freiburg"
"Emmendingen"	"DE133"	"Freiburg"
"Ortenaukreis"	"DE134"	"Freiburg"
"Rottweil"	"DE135"	"Freiburg"
"Schwarzwald-Baar-Kreis"	"DE136"	"Freiburg"
"Tuttlingen"	"DE137"	"Freiburg"
"Konstanz"	"DE138"	"Freiburg"
"Lörrach"	"DE139"	"Freiburg"
"Waldshut"	"DE13A"	"Freiburg"
"Reutlingen"	"DE141"	"Tübingen"
"Tübingen, Landkreis"	"DE142"	"Tübingen"
"Zollernalbkreis"	"DE143"	"Tübingen"
"Ulm, Stadtkreis"	"DE144"	"Tübingen"
"Alb-Donau-Kreis"	"DE145"	"Tübingen"
"Biberach"	"DE146"	"Tübingen"
"Bodenseekreis"	"DE147"	"Tübingen"
"Ravensburg"	"DE148"	"Tübingen"
"Sigmaringen"	"DE149"	"Tübingen"
"Ingolstadt, Kreisfreie Stadt"	"DE211"	"Oberbayern"
"München, Kreisfreie Stadt"	"DE212"	"Oberbayern"
"Rosenheim, Kreisfreie Stadt"	"DE213"	"Oberbayern"
"Altötting"	"DE214"	"Oberbayern"
"Berchtesgadener Land"	"DE215"	"Oberbayern"
"Bad Tölz-Wolfratshausen"	"DE216"	"Oberbayern"
"Dachau"	"DE217"	"Oberbayern"
"Ebersberg"	"DE218"	"Oberbayern"
"Eichstätt"	"DE219"	"Oberbayern"
"Erding"	"DE21A"	"Oberbayern"
"Freising"	"DE21B"	"Oberbayern"
"Fürstenfeldbruck"	"DE21C"	"Oberbayern"
"Garmisch-Partenkirchen"	"DE21D"	"Oberbayern"
"Landsberg a. Lech"	"DE21E"	"Oberbayern"
"Miesbach"	"DE21F"	"Oberbayern"
"Mühldorf a. Inn"	"DE21G"	"Oberbayern"
"München, Landkreis"	"DE21H"	"Oberbayern"
"Neuburg-Schrobenhausen"	"DE21I"	"Oberbayern"
"Pfaffenhofen a. d. Ilm"	"DE21J"	"Oberbayern"
"Rosenheim, Landkreis"	"DE21K"	"Oberbayern"
"Starnberg"	"DE21L"	"Oberbayern"
"Traunstein"	"DE21M"	"Oberbayern"
"Weilheim-Schongau"	"DE21N"	"Oberbayern"
"Landshut, Kreisfreie Stadt"	"DE221"	"Niederbayern"
"Passau, Kreisfreie Stadt"	"DE222"	"Niederbayern"
"Straubing, Kreisfreie Stadt"	"DE223"	"Niederbayern"
"Deggendorf"	"DE224"	"Niederbayern"
"Freyung-Grafenau"	"DE225"	"Niederbayern"
"Kelheim"	"DE226"	"Niederbayern"
"Landshut, Landkreis"	"DE227"	"Niederbayern"
"Passau, Landkreis"	"DE228"	"Niederbayern"
"Regen"	"DE229"	"Niederbayern"
"Rottal-Inn"	"DE22A"	"Niederbayern"
"Straubing-Bogen"	"DE22B"	"Niederbayern"
"Dingolfing-Landau"	"DE22C"	"Niederbayern"
"Amberg, Kreisfreie Stadt"	"DE231"	"Oberpfalz"
"Regensburg, Kreisfreie Stadt"	"DE232"	"Oberpfalz"
"Weiden i. d. OPf.,Kreisfreie Stadt"	"DE233"	"Oberpfalz"
"Amberg-Sulzbach"	"DE234"	"Oberpfalz"
"Cham"	"DE235"	"Oberpfalz"
"Neumarkt i. d. OPf."	"DE236"	"Oberpfalz"
"Neustadt a. d. Waldnaab"	"DE237"	"Oberpfalz"
"Regensburg, Landkreis"	"DE238"	"Oberpfalz"
"Schwandorf"	"DE239"	"Oberpfalz"
"Tirschenreuth"	"DE23A"	"Oberpfalz"
"Bamberg, Kreisfreie Stadt"	"DE241"	"Oberfranken"
"Bayreuth, Kreisfreie Stadt"	"DE242"	"Oberfranken"
"Coburg, Kreisfreie Stadt"	"DE243"	"Oberfranken"
"Hof, Kreisfreie Stadt"	"DE244"	"Oberfranken"
"Bamberg, Landkreis"	"DE245"	"Oberfranken"
"Bayreuth, Landkreis"	"DE246"	"Oberfranken"
"Coburg, Landkreis"	"DE247"	"Oberfranken"
"Forchheim"	"DE248"	"Oberfranken"
"Hof, Landkreis"	"DE249"	"Oberfranken"
"Kronach"	"DE24A"	"Oberfranken"
"Kulmbach"	"DE24B"	"Oberfranken"
"Lichtenfels"	"DE24C"	"Oberfranken"
"Wunsiedel i. Fichtelgebirge"	"DE24D"	"Oberfranken"
"Ansbach, Kreisfreie Stadt"	"DE251"	"Mittelfranken"
"Erlangen, Kreisfreie Stadt"	"DE252"	"Mittelfranken"
"Fürth, Kreisfreie Stadt"	"DE253"	"Mittelfranken"
"Nürnberg, Kreisfreie Stadt"	"DE254"	"Mittelfranken"
"Schwabach, Kreisfreie Stadt"	"DE255"	"Mittelfranken"
"Ansbach, Landkreis"	"DE256"	"Mittelfranken"
"Erlangen-Höchstadt"	"DE257"	"Mittelfranken"
"Fürth, Landkreis"	"DE258"	"Mittelfranken"
"Nürnberger Land"	"DE259"	"Mittelfranken"
"Neustadt a. d. Aisch-Bad Windsheim"	"DE25A"	"Mittelfranken"
"Roth"	"DE25B"	"Mittelfranken"
"Weißenburg-Gunzenhausen"	"DE25C"	"Mittelfranken"
"Aschaffenburg, Kreisfreie Stadt"	"DE261"	"Unterfranken"
"Schweinfurt, Kreisfreie Stadt"	"DE262"	"Unterfranken"
"Würzburg, Kreisfreie Stadt"	"DE263"	"Unterfranken"
"Aschaffenburg, Landkreis"	"DE264"	"Unterfranken"
"Bad Kissingen"	"DE265"	"Unterfranken"
"Rhön-Grabfeld"	"DE266"	"Unterfranken"
"Haßberge"	"DE267"	"Unterfranken"
"Kitzingen"	"DE268"	"Unterfranken"
"Miltenberg"	"DE269"	"Unterfranken"
"Main-Spessart"	"DE26A"	"Unterfranken"
"Schweinfurt, Landkreis"	"DE26B"	"Unterfranken"
"Würzburg, Landkreis"	"DE26C"	"Unterfranken"
"Augsburg, Kreisfreie Stadt"	"DE271"	"Schwaben"
"Kaufbeuren, Kreisfreie Stadt"	"DE272"	"Schwaben"
"Kempten (Allgäu), Kreisfreie Stadt"	"DE273"	"Schwaben"
"Memmingen, Kreisfreie Stadt"	"DE274"	"Schwaben"
"Aichach-Friedberg"	"DE275"	"Schwaben"
"Augsburg, Landkreis"	"DE276"	"Schwaben"
"Dillingen a.d. Donau"	"DE277"	"Schwaben"
"Günzburg"	"DE278"	"Schwaben"
"Neu-Ulm"	"DE279"	"Schwaben"
"Lindau (Bodensee)"	"DE27A"	"Schwaben"
"Ostallgäu"	"DE27B"	"Schwaben"
"Unterallgäu"	"DE27C"	"Schwaben"
"Donau-Ries"	"DE27D"	"Schwaben"
"Oberallgäu"	"DE27E"	"Schwaben"
"Berlin-West, Stadt"	"DE301"	"Berlin"
"Berlin-Ost, Stadt"	"DE302"	"Berlin"
"Brandenburg an der Havel, Kreisfreie Stadt"	"DE401"	"Brandenburg"
"Cottbus, Kreisfreie Stadt"	"DE402"	"Brandenburg"
"Frankfurt (Oder), Kreisfreie Stadt"	"DE403"	"Brandenburg"
"Potsdam, Kreisfreie Stadt"	"DE404"	"Brandenburg"
"Barnim"	"DE405"	"Brandenburg"
"Dahme-Spreewald"	"DE406"	"Brandenburg"
"Elbe-Elster"	"DE407"	"Brandenburg"
"Havelland"	"DE408"	"Brandenburg"
"Märkisch-Oderland"	"DE409"	"Brandenburg"
"Oberhavel"	"DE40A"	"Brandenburg"
"Oberspreewald-Lausitz"	"DE40B"	"Brandenburg"
"Oder-Spree"	"DE40C"	"Brandenburg"
"Ostprignitz-Ruppin"	"DE40D"	"Brandenburg"
"Potsdam-Mittelmark"	"DE40E"	"Brandenburg"
"Prignitz"	"DE40F"	"Brandenburg"
"Spree-Neiße"	"DE40G"	"Brandenburg"
"Teltow-Fläming"	"DE40H"	"Brandenburg"
"Uckermark"	"DE40I"	"Brandenburg"
"Bremen, Kreisfreie Stadt"	"DE501"	"Bremen"
"Bremerhaven, Kreisfreie Stadt"	"DE502"	"Bremen"
"Darmstadt, Kreisfreie Stadt"	"DE711"	"Darmstadt"
"Frankfurt am Main, Kreisfreie Stadt"	"DE712"	"Darmstadt"
"Offenbach am Main, Kreisfreie Stadt"	"DE713"	"Darmstadt"
"Wiesbaden, Kreisfreie Stadt"	"DE714"	"Darmstadt"
"Bergstraße"	"DE715"	"Darmstadt"
"Darmstadt-Dieburg"	"DE716"	"Darmstadt"
"Groß-Gerau"	"DE717"	"Darmstadt"
"Hochtaunuskreis"	"DE718"	"Darmstadt"
"Main-Kinzig-Kreis"	"DE719"	"Darmstadt"
"Main-Taunus-Kreis"	"DE71A"	"Darmstadt"
"Odenwaldkreis"	"DE71B"	"Darmstadt"
"Offenbach, Landkreis"	"DE71C"	"Darmstadt"
"Rheingau-Taunus-Kreis"	"DE71D"	"Darmstadt"
"Wetteraukreis"	"DE71E"	"Darmstadt"
"Gießen, Landkreis"	"DE721"	"Gießen"
"Lahn-Dill-Kreis"	"DE722"	"Gießen"
"Limburg-Weilburg"	"DE723"	"Gießen"
"Marburg-Biedenkopf"	"DE724"	"Gießen"
"Vogelsbergkreis"	"DE725"	"Gießen"
"Kassel, Kreisfreie Stadt"	"DE731"	"Kassel"
"Fulda"	"DE732"	"Kassel"
"Hersfeld-Rotenburg"	"DE733"	"Kassel"
"Kassel, Landkreis"	"DE734"	"Kassel"
"Schwalm-Eder-Kreis"	"DE735"	"Kassel"
"Waldeck-Frankenberg"	"DE736"	"Kassel"
"Werra-Meißner-Kreis"	"DE737"	"Kassel"
"Greifswald, Kreisfreie Stadt"	"DE801"	"Mecklenburg-Vorpommern"
"Neubrandenburg, Kreisfreie Stadt"	"DE802"	"Mecklenburg-Vorpommern"
"Rostock, Kreisfreie Stadt"	"DE803"	"Mecklenburg-Vorpommern"
"Schwerin, Kreisfreie Stadt"	"DE804"	"Mecklenburg-Vorpommern"
"Stralsund, Kreisfreie Stadt"	"DE805"	"Mecklenburg-Vorpommern"
"Wismar, Kreisfreie Stadt"	"DE806"	"Mecklenburg-Vorpommern"
"Bad Doberan"	"DE807"	"Mecklenburg-Vorpommern"
"Demmin"	"DE808"	"Mecklenburg-Vorpommern"
"Güstrow"	"DE809"	"Mecklenburg-Vorpommern"
"Ludwigslust"	"DE80A"	"Mecklenburg-Vorpommern"
"Mecklenburg-Strelitz"	"DE80B"	"Mecklenburg-Vorpommern"
"Müritz"	"DE80C"	"Mecklenburg-Vorpommern"
"Nordvorpommern"	"DE80D"	"Mecklenburg-Vorpommern"
"Nordwestmecklenburg"	"DE80E"	"Mecklenburg-Vorpommern"
"Ostvorpommern"	"DE80F"	"Mecklenburg-Vorpommern"
"Parchim"	"DE80G"	"Mecklenburg-Vorpommern"
"Rügen"	"DE80H"	"Mecklenburg-Vorpommern"
"Uecker-Randow"	"DE80I"	"Mecklenburg-Vorpommern"
"Braunschweig, Kreisfreie Stadt"	"DE911"	"Braunschweig"
"Salzgitter, Kreisfreie Stadt"	"DE912"	"Braunschweig"
"Wolfsburg, Kreisfreie Stadt"	"DE913"	"Braunschweig"
"Gifhorn"	"DE914"	"Braunschweig"
"Göttingen"	"DE915"	"Braunschweig"
"Goslar"	"DE916"	"Braunschweig"
"Helmstedt"	"DE917"	"Braunschweig"
"Northeim"	"DE918"	"Braunschweig"
"Osterode am Harz"	"DE919"	"Braunschweig"
"Peine"	"DE91A"	"Braunschweig"
"Wolfenbüttel"	"DE91B"	"Braunschweig"
"Hannover, Kreisfreie Stadt"	"DE921"	"Hannover"
"Diepholz"	"DE922"	"Hannover"
"Hameln-Pyrmont"	"DE923"	"Hannover"
"Hannover, Landkreis"	"DE924"	"Hannover"
"Hildesheim"	"DE925"	"Hannover"
"Holzminden"	"DE926"	"Hannover"
"Nienburg (Weser)"	"DE927"	"Hannover"
"Schaumburg"	"DE928"	"Hannover"
"Celle"	"DE931"	"Lüneburg"
"Cuxhaven"	"DE932"	"Lüneburg"
"Harburg"	"DE933"	"Lüneburg"
"Lüchow-Dannenberg"	"DE934"	"Lüneburg"
"Lüneburg, Landkreis"	"DE935"	"Lüneburg"
"Osterholz"	"DE936"	"Lüneburg"
"Rotenburg (Wümme)"	"DE937"	"Lüneburg"
"Soltau-Fallingbostel"	"DE938"	"Lüneburg"
"Stade"	"DE939"	"Lüneburg"
"Uelzen"	"DE93A"	"Lüneburg"
"Verden"	"DE93B"	"Lüneburg"
"Delmenhorst, Kreisfreie Stadt"	"DE941"	"Weser-Ems"
"Emden, Kreisfreie Stadt"	"DE942"	"Weser-Ems"
"Oldenburg (Oldenburg), Kreisfreie Stadt"	"DE943"	"Weser-Ems"
"Osnabrück, Kreisfreie Stadt"	"DE944"	"Weser-Ems"
"Wilhelmshaven, Kreisfreie Stadt"	"DE945"	"Weser-Ems"
"Ammerland"	"DE946"	"Weser-Ems"
"Aurich"	"DE947"	"Weser-Ems"
"Cloppenburg"	"DE948"	"Weser-Ems"
"Emsland"	"DE949"	"Weser-Ems"
"Friesland"	"DE94A"	"Weser-Ems"
"Grafschaft Bentheim"	"DE94B"	"Weser-Ems"
"Leer"	"DE94C"	"Weser-Ems"
"Oldenburg, Landkreis"	"DE94D"	"Weser-Ems"
"Osnabrück, Landkreis"	"DE94E"	"Weser-Ems"
"Vechta"	"DE94F"	"Weser-Ems"
"Wesermarsch"	"DE94G"	"Weser-Ems"
"Wittmund"	"DE94H"	"Weser-Ems"
"Düsseldorf, Kreisfreie Stadt"	"DEA11"	"Düsseldorf"
"Duisburg, Kreisfreie Stadt"	"DEA12"	"Düsseldorf"
"Essen, Kreisfreie Stadt"	"DEA13"	"Düsseldorf"
"Krefeld, Kreisfreie Stadt"	"DEA14"	"Düsseldorf"
"Mönchengladbach, Kreisfreie Stadt"	"DEA15"	"Düsseldorf"
"Mülheim an der Ruhr,Kreisfreie Stadt"	"DEA16"	"Düsseldorf"
"Oberhausen, Kreisfreie Stadt"	"DEA17"	"Düsseldorf"
"Remscheid, Kreisfreie Stadt"	"DEA18"	"Düsseldorf"
"Solingen, Kreisfreie Stadt"	"DEA19"	"Düsseldorf"
"Wuppertal, Kreisfreie Stadt"	"DEA1A"	"Düsseldorf"
"Kleve"	"DEA1B"	"Düsseldorf"
"Mettmann"	"DEA1C"	"Düsseldorf"
"Neuss"	"DEA1D"	"Düsseldorf"
"Viersen"	"DEA1E"	"Düsseldorf"
"Wesel"	"DEA1F"	"Düsseldorf"
"Aachen, Kreisfreie Stadt"	"DEA21"	"Köln"
"Bonn, Kreisfreie Stadt"	"DEA22"	"Köln"
"Köln, Kreisfreie Stadt"	"DEA23"	"Köln"
"Leverkusen, Kreisfreie Stadt"	"DEA24"	"Köln"
"Aachen, Kreis"	"DEA25"	"Köln"
"Düren"	"DEA26"	"Köln"
"Erftkreis"	"DEA27"	"Köln"
"Euskirchen"	"DEA28"	"Köln"
"Heinsberg"	"DEA29"	"Köln"
"Oberbergischer Kreis"	"DEA2A"	"Köln"
"Rheinisch-Bergischer Kreis"	"DEA2B"	"Köln"
"Rhein-Sieg-Kreis"	"DEA2C"	"Köln"
"Bottrop, Kreisfreie Stadt"	"DEA31"	"Münster"
"Gelsenkirchen, Kreisfreie Stadt"	"DEA32"	"Münster"
"Münster, Kreisfreie Stadt"	"DEA33"	"Münster"
"Borken"	"DEA34"	"Münster"
"Coesfeld"	"DEA35"	"Münster"
"Recklinghausen"	"DEA36"	"Münster"
"Steinfurt"	"DEA37"	"Münster"
"Warendorf"	"DEA38"	"Münster"
"Bielefeld, Kreisfreie Stadt"	"DEA41"	"Detmold"
"Gütersloh"	"DEA42"	"Detmold"
"Herford"	"DEA43"	"Detmold"
"Höxter"	"DEA44"	"Detmold"
"Lippe"	"DEA45"	"Detmold"
"Minden-Lübbecke"	"DEA46"	"Detmold"
"Paderborn"	"DEA47"	"Detmold"
"Bochum, Kreisfreie Stadt"	"DEA51"	"Arnsberg"
"Dortmund, Kreisfreie Stadt"	"DEA52"	"Arnsberg"
"Hagen, Kreisfreie Stadt"	"DEA53"	"Arnsberg"
"Hamm, Kreisfreie Stadt"	"DEA54"	"Arnsberg"
"Herne, Kreisfreie Stadt"	"DEA55"	"Arnsberg"
"Ennepe-Ruhr-Kreis"	"DEA56"	"Arnsberg"
"Hochsauerlandkreis"	"DEA57"	"Arnsberg"
"Märkischer Kreis"	"DEA58"	"Arnsberg"
"Olpe"	"DEA59"	"Arnsberg"
"Siegen-Wittgenstein"	"DEA5A"	"Arnsberg"
"Soest"	"DEA5B"	"Arnsberg"
"Unna"	"DEA5C"	"Arnsberg"
"Koblenz, Kreisfreie Stadt"	"DEB11"	"Koblenz"
"Ahrweiler"	"DEB12"	"Koblenz"
"Altenkirchen (Westerwald)"	"DEB13"	"Koblenz"
"Bad Kreuznach"	"DEB14"	"Koblenz"
"Birkenfeld"	"DEB15"	"Koblenz"
"Cochem-Zell"	"DEB16"	"Koblenz"
"Mayen-Koblenz"	"DEB17"	"Koblenz"
"Neuwied"	"DEB18"	"Koblenz"
"Rhein-Hunsrück-Kreis"	"DEB19"	"Koblenz"
"Rhein-Lahn-Kreis"	"DEB1A"	"Koblenz"
"Westerwaldkreis"	"DEB1B"	"Koblenz"
"Trier, Kreisfreie Stadt"	"DEB21"	"Trier"
"Bernkastel-Wittlich"	"DEB22"	"Trier"
"Bitburg-Prüm"	"DEB23"	"Trier"
"Daun"	"DEB24"	"Trier"
"Trier-Saarburg"	"DEB25"	"Trier"
"Frankenthal (Pfalz), Kreisfreie Stadt"	"DEB31"	"Rheinhessen-Pfalz"
"Kaiserslautern, Kreisfreie Stadt"	"DEB32"	"Rheinhessen-Pfalz"
"Landau in der Pfalz, Kreisfreie Stadt"	"DEB33"	"Rheinhessen-Pfalz"
"Ludwigshafen am Rhein, Kreisfreie Stadt"	"DEB34"	"Rheinhessen-Pfalz"
"Mainz, Kreisfreie Stadt"	"DEB35"	"Rheinhessen-Pfalz"
"Neustadt an der Weinstraße, Kreisfreie Stadt"	"DEB36"	"Rheinhessen-Pfalz"
"Pirmasens, Kreisfreie Stadt"	"DEB37"	"Rheinhessen-Pfalz"
"Speyer, Kreisfreie Stadt"	"DEB38"	"Rheinhessen-Pfalz"
"Worms, Kreisfreie Stadt"	"DEB39"	"Rheinhessen-Pfalz"
"Zweibrücken, Kreisfreie Stadt"	"DEB3A"	"Rheinhessen-Pfalz"
"Alzey-Worms"	"DEB3B"	"Rheinhessen-Pfalz"
"Bad Dürkheim"	"DEB3C"	"Rheinhessen-Pfalz"
"Donnersbergkreis"	"DEB3D"	"Rheinhessen-Pfalz"
"Germersheim"	"DEB3E"	"Rheinhessen-Pfalz"
"Kaiserslautern, Landkreis"	"DEB3F"	"Rheinhessen-Pfalz"
"Kusel"	"DEB3G"	"Rheinhessen-Pfalz"
"Südliche Weinstraße"	"DEB3H"	"Rheinhessen-Pfalz"
"Ludwigshafen, Landkreis"	"DEB3I"	"Rheinhessen-Pfalz"
"Mainz-Bingen"	"DEB3J"	"Rheinhessen-Pfalz"
"Südwestpfalz"	"DEB3K"	"Rheinhessen-Pfalz"
"Stadtverband Saarbrücken"	"DEC01"	"Saarland"
"Merzig-Wadern"	"DEC02"	"Saarland"
"Neunkirchen"	"DEC03"	"Saarland"
"Saarlouis"	"DEC04"	"Saarland"
"Saarpfalz-Kreis"	"DEC05"	"Saarland"
"St. Wendel"	"DEC06"	"Saarland"
"Chemnitz, Kreisfreie Stadt"	"DED11"	"Chemnitz"
"Plauen, Kreisfreie Stadt"	"DED12"	"Chemnitz"
"Zwickau, Kreisfreie Stadt"	"DED13"	"Chemnitz"
"Annaberg"	"DED14"	"Chemnitz"
"Chemnitzer Land"	"DED15"	"Chemnitz"
"Freiberg"	"DED16"	"Chemnitz"
"Vogtlandkreis"	"DED17"	"Chemnitz"
"Mittlerer Erzgebirgskreis"	"DED18"	"Chemnitz"
"Mittweida"	"DED19"	"Chemnitz"
"Stollberg"	"DED1A"	"Chemnitz"
"Aue-Schwarzenberg"	"DED1B"	"Chemnitz"
"Zwickauer Land"	"DED1C"	"Chemnitz"
"Dresden, Kreisfreie Stadt"	"DED21"	"Dresden"
"Görlitz, Kreisfreie Stadt"	"DED22"	"Dresden"
"Hoyerswerda, Kreisfreie Stadt"	"DED23"	"Dresden"
"Bautzen"	"DED24"	"Dresden"
"Meißen"	"DED25"	"Dresden"
"Niederschlesischer Oberlausitzkreis"	"DED26"	"Dresden"
"Riesa-Großenhain"	"DED27"	"Dresden"
"Löbau-Zittau"	"DED28"	"Dresden"
"Sächsische Schweiz"	"DED29"	"Dresden"
"Weißeritzkreis"	"DED2A"	"Dresden"
"Kamenz"	"DED2B"	"Dresden"
"Leipzig, Kreisfreie Stadt"	"DED31"	"Leipzig"
"Delitzsch"	"DED32"	"Leipzig"
"Döbeln"	"DED33"	"Leipzig"
"Leipziger Land"	"DED34"	"Leipzig"
"Muldentalkreis"	"DED35"	"Leipzig"
"Torgau-Oschatz"	"DED36"	"Leipzig"
"Dessau, Kreisfreie Stadt"	"DEE11"	"Dessau"
"Anhalt-Zerbst"	"DEE12"	"Dessau"
"Bernburg"	"DEE13"	"Dessau"
"Bitterfeld"	"DEE14"	"Dessau"
"Köthen"	"DEE15"	"Dessau"
"Wittenberg"	"DEE16"	"Dessau"
"Halle/Saale, Stadtkreis"	"DEE21"	"Halle"
"Burgenlandkreis"	"DEE22"	"Halle"
"Mansfelder Land"	"DEE23"	"Halle"
"Merseburg-Querfurt"	"DEE24"	"Halle"
"Saalkreis"	"DEE25"	"Halle"
"Sangerhausen"	"DEE26"	"Halle"
"Weißenfels"	"DEE27"	"Halle"
"Magdeburg, Kreisfreie Stadt"	"DEE31"	"Magdeburg"
"Aschersleben-Staßfurt"	"DEE32"	"Magdeburg"
"Bördekreis"	"DEE33"	"Magdeburg"
"Halberstadt"	"DEE34"	"Magdeburg"
"Jerichower Land"	"DEE35"	"Magdeburg"
"Ohrekreis"	"DEE36"	"Magdeburg"
"Stendal"	"DEE37"	"Magdeburg"
"Quedlinburg"	"DEE38"	"Magdeburg"
"Schönebeck"	"DEE39"	"Magdeburg"
"Wernigerode"	"DEE3A"	"Magdeburg"
"Altmarkkreis Salzwedel"	"DEE3B"	"Magdeburg"
"Flensburg, Kreisfreie Stadt"	"DEF01"	"Schleswig-Holstein"
"Kiel, Kreisfreie Stadt"	"DEF02"	"Schleswig-Holstein"
"Lübeck, Kreisfreie Stadt"	"DEF03"	"Schleswig-Holstein"
"Neumünster, Kreisfreie Stadt"	"DEF04"	"Schleswig-Holstein"
"Dithmarschen"	"DEF05"	"Schleswig-Holstein"
"Herzogtum Lauenburg"	"DEF06"	"Schleswig-Holstein"
"Nordfriesland"	"DEF07"	"Schleswig-Holstein"
"Ostholstein"	"DEF08"	"Schleswig-Holstein"
"Pinneberg"	"DEF09"	"Schleswig-Holstein"
"Plön"	"DEF0A"	"Schleswig-Holstein"
"Rendsburg-Eckernförde"	"DEF0B"	"Schleswig-Holstein"
"Schleswig-Flensburg"	"DEF0C"	"Schleswig-Holstein"
"Segeberg"	"DEF0D"	"Schleswig-Holstein"
"Steinburg"	"DEF0E"	"Schleswig-Holstein"
"Stormarn"	"DEF0F"	"Schleswig-Holstein"
"Erfurt, Kreisfreie Stadt"	"DEG01"	"Thüringen"
"Gera, Kreisfreie Stadt"	"DEG02"	"Thüringen"
"Jena, Kreisfreie Stadt"	"DEG03"	"Thüringen"
"Suhl, Kreisfreie Stadt"	"DEG04"	"Thüringen"
"Weimar, Kreisfreie Stadt"	"DEG05"	"Thüringen"
"Eichsfeld"	"DEG06"	"Thüringen"
"Nordhausen"	"DEG07"	"Thüringen"
"Unstrut-Hainich-Kreis"	"DEG09"	"Thüringen"
"Kyffhäuserkreis"	"DEG0A"	"Thüringen"
"Schmalkalden-Meiningen"	"DEG0B"	"Thüringen"
"Gotha"	"DEG0C"	"Thüringen"
"Sömmerda"	"DEG0D"	"Thüringen"
"Hildburghausen"	"DEG0E"	"Thüringen"
"Ilm-Kreis"	"DEG0F"	"Thüringen"
"Weimarer Land"	"DEG0G"	"Thüringen"
"Sonneberg"	"DEG0H"	"Thüringen"
"Saalfeld-Rudolstadt"	"DEG0I"	"Thüringen"
"Saale-Holzland-Kreis"	"DEG0J"	"Thüringen"
"Saale-Orla-Kreis"	"DEG0K"	"Thüringen"
"Greiz"	"DEG0L"	"Thüringen"
"Altenburger Land"	"DEG0M"	"Thüringen"
"Eisenach, Kreisfreie Stadt"	"DEG0N"	"Thüringen"
"Wartburgkreis"	"DEG0P"	"Thüringen"
"København og Frederiksberg kommuner"	"DK001"	"Denmark"
"Københavns amt"	"DK002"	"Denmark"
"Frederiksborg amt"	"DK003"	"Denmark"
"Roskilde amt"	"DK004"	"Denmark"
"Vestsjællands amt"	"DK005"	"Denmark"
"Storstrøms amt"	"DK006"	"Denmark"
"Bornholms amt"	"DK007"	"Denmark"
"Fyns amt"	"DK008"	"Denmark"
"Sønderjyllands amt"	"DK009"	"Denmark"
"Ribe amt"	"DK00A"	"Denmark"
"Vejle amt"	"DK00B"	"Denmark"
"Ringkøbing amt"	"DK00C"	"Denmark"
"Århus amt"	"DK00D"	"Denmark"
"Viborg amt"	"DK00E"	"Denmark"
"Nordjyllands amt"	"DK00F"	"Denmark"
"A Coruña"	"ES111"	"Galicia"
"Lugo"	"ES112"	"Galicia"
"Ourense"	"ES113"	"Galicia"
"Pontevedra"	"ES114"	"Galicia"
"Álava"	"ES211"	"País Vasco"
"Guipúzcoa"	"ES212"	"País Vasco"
"Vizcaya"	"ES213"	"País Vasco"
"Huesca"	"ES241"	"Aragón"
"Teruel"	"ES242"	"Aragón"
"Zaragoza"	"ES243"	"Aragón"
"Ávila"	"ES411"	"Castilla y León"
"Burgos"	"ES412"	"Castilla y León"
"León"	"ES413"	"Castilla y León"
"Palencia"	"ES414"	"Castilla y León"
"Salamanca"	"ES415"	"Castilla y León"
"Segovia"	"ES416"	"Castilla y León"
"Soria"	"ES417"	"Castilla y León"
"Valladolid"	"ES418"	"Castilla y León"
"Zamora"	"ES419"	"Castilla y León"
"Albacete"	"ES421"	"Castilla-la Mancha"
"Ciudad Real"	"ES422"	"Castilla-la Mancha"
"Cuenca"	"ES423"	"Castilla-la Mancha"
"Guadalajara"	"ES424"	"Castilla-la Mancha"
"Toledo"	"ES425"	"Castilla-la Mancha"
"Badajoz"	"ES431"	"Extremadura"
"Cáceres"	"ES432"	"Extremadura"
"Barcelona"	"ES511"	"Cataluña"
"Girona"	"ES512"	"Cataluña"
"Lleida"	"ES513"	"Cataluña"
"Tarragona"	"ES514"	"Cataluña"
"Alicante / Alacant"	"ES521"	"Comunidad Valenciana"
"Castellón / Castelló"	"ES522"	"Comunidad Valenciana"
"Valencia / València"	"ES523"	"Comunidad Valenciana"
"Almería"	"ES611"	"Andalucía"
"Cádiz"	"ES612"	"Andalucía"
"Córdoba"	"ES613"	"Andalucía"
"Granada"	"ES614"	"Andalucía"
"Huelva"	"ES615"	"Andalucía"
"Jaén"	"ES616"	"Andalucía"
"Málaga"	"ES617"	"Andalucía"
"Sevilla"	"ES618"	"Andalucía"
"Ceuta"	"ES631"	"Ceuta y Melilla"
"Melilla"	"ES632"	"Ceuta y Melilla"
"Las Palmas"	"ES701"	"Canarias"
"Santa Cruz de Tenerife"	"ES702"	"Canarias"
"Etelä-Savo"	"FI131"	"Itä-Suomi"
"Pohjois-Savo"	"FI132"	"Itä-Suomi"
"Pohjois-Karjala"	"FI133"	"Itä-Suomi"
"Kainuu"	"FI134"	"Itä-Suomi"
"Uusimaa"	"FI181"	"Etelä-Suomi"
"Itä-Uusimaa"	"FI182"	"Etelä-Suomi"
"Varsinais-Suomi"	"FI183"	"Etelä-Suomi"
"Kanta-Häme"	"FI184"	"Etelä-Suomi"
"Satakunta"	"FI191"	"Länsi-Suomi"
"Pirkanmaa"	"FI192"	"Länsi-Suomi"
"Keski-Pohjanmaa"	"FI1A1"	"Pohjois-Suomi"
"Pohjois-Pohjanmaa"	"FI1A2"	"Pohjois-Suomi"
"Lappi"	"FI1A3"	"Pohjois-Suomi"
"Åland"	"FI200"	"Åland"
"Paris"	"FR101"	"Île de France"
"Seine-et-Marne"	"FR102"	"Île de France"
"Yvelines"	"FR103"	"Île de France"
"Essonne"	"FR104"	"Île de France"
"Hauts-de-Seine"	"FR105"	"Île de France"
"Seine-Saint-Denis"	"FR106"	"Île de France"
"Val-de-Marne"	"FR107"	"Île de France"
"Val-d\'Oise"	"FR108"	"Île de France"
"Ardennes"	"FR211"	"Champagne-Ardenne"
"Aube"	"FR212"	"Champagne-Ardenne"
"Marne"	"FR213"	"Champagne-Ardenne"
"Haute-Marne"	"FR214"	"Champagne-Ardenne"
"Aisne"	"FR221"	"Picardie"
"Oise"	"FR222"	"Picardie"
"Somme"	"FR223"	"Picardie"
"Eure"	"FR231"	"Haute-Normandie"
"Seine-Maritime"	"FR232"	"Haute-Normandie"
"Cher"	"FR241"	"Centre"
"Eure-et-Loir"	"FR242"	"Centre"
"Indre"	"FR243"	"Centre"
"Indre-et-Loire"	"FR244"	"Centre"
"Loir-et-Cher"	"FR245"	"Centre"
"Loiret"	"FR246"	"Centre"
"Calvados"	"FR251"	"Basse-Normandie"
"Manche"	"FR252"	"Basse-Normandie"
"Orne"	"FR253"	"Basse-Normandie"
"Côte-d\'Or"	"FR261"	"Bourgogne"
"Nièvre"	"FR262"	"Bourgogne"
"Saône-et-Loire"	"FR263"	"Bourgogne"
"Yonne"	"FR264"	"Bourgogne"
"Nord"	"FR301"	"Nord - Pas-de-Calais"
"Pas-de-Calais"	"FR302"	"Nord - Pas-de-Calais"
"Meurthe-et-Moselle"	"FR411"	"Lorraine"
"Meuse"	"FR412"	"Lorraine"
"Moselle"	"FR413"	"Lorraine"
"Vosges"	"FR414"	"Lorraine"
"Bas-Rhin"	"FR421"	"Alsace"
"Haut-Rhin"	"FR422"	"Alsace"
"Doubs"	"FR431"	"Franche-Comté"
"Jura"	"FR432"	"Franche-Comté"
"Haute-Saône"	"FR433"	"Franche-Comté"
"Territoire de Belfort"	"FR434"	"Franche-Comté"
"Loire-Atlantique"	"FR511"	"Pays de la Loire"
"Maine-et-Loire"	"FR512"	"Pays de la Loire"
"Mayenne"	"FR513"	"Pays de la Loire"
"Sarthe"	"FR514"	"Pays de la Loire"
"Vendée"	"FR515"	"Pays de la Loire"
"Côtes-d\'Armor"	"FR521"	"Bretagne"
"Finistère"	"FR522"	"Bretagne"
"Ille-et-Vilaine"	"FR523"	"Bretagne"
"Morbihan"	"FR524"	"Bretagne"
"Charente"	"FR531"	"Poitou-Charentes"
"Charente-Maritime"	"FR532"	"Poitou-Charentes"
"Deux-Sèvres"	"FR533"	"Poitou-Charentes"
"Vienne"	"FR534"	"Poitou-Charentes"
"Dordogne"	"FR611"	"Aquitaine"
"Gironde"	"FR612"	"Aquitaine"
"Landes"	"FR613"	"Aquitaine"
"Lot-et-Garonne"	"FR614"	"Aquitaine"
"Pyrénées-Atlantiques"	"FR615"	"Aquitaine"
"Ariège"	"FR621"	"Midi-Pyrénées"
"Aveyron"	"FR622"	"Midi-Pyrénées"
"Haute-Garonne"	"FR623"	"Midi-Pyrénées"
"Gers"	"FR624"	"Midi-Pyrénées"
"Lot"	"FR625"	"Midi-Pyrénées"
"Hautes-Pyrénées"	"FR626"	"Midi-Pyrénées"
"Tarn"	"FR627"	"Midi-Pyrénées"
"Tarn-et-Garonne"	"FR628"	"Midi-Pyrénées"
"Corrèze"	"FR631"	"Limousin"
"Creuse"	"FR632"	"Limousin"
"Haute-Vienne"	"FR633"	"Limousin"
"Ain"	"FR711"	"Rhône-Alpes"
"Ardèche"	"FR712"	"Rhône-Alpes"
"Drôme"	"FR713"	"Rhône-Alpes"
"Isère"	"FR714"	"Rhône-Alpes"
"Loire"	"FR715"	"Rhône-Alpes"
"Rhône"	"FR716"	"Rhône-Alpes"
"Savoie"	"FR717"	"Rhône-Alpes"
"Haute-Savoie"	"FR718"	"Rhône-Alpes"
"Allier"	"FR721"	"Auvergne"
"Cantal"	"FR722"	"Auvergne"
"Haute-Loire"	"FR723"	"Auvergne"
"Puy-de-Dôme"	"FR724"	"Auvergne"
"Aude"	"FR811"	"Languedoc-Roussillon"
"Gard"	"FR812"	"Languedoc-Roussillon"
"Hérault"	"FR813"	"Languedoc-Roussillon"
"Lozère"	"FR814"	"Languedoc-Roussillon"
"Pyrénées-Orientales"	"FR815"	"Languedoc-Roussillon"
"Alpes-de-Haute-Provence"	"FR821"	"Provence-Alpes-Côte d\'Azur"
"Hautes-Alpes"	"FR822"	"Provence-Alpes-Côte d\'Azur"
"Alpes-Maritimes"	"FR823"	"Provence-Alpes-Côte d\'Azur"
"Bouches-du-Rhône"	"FR824"	"Provence-Alpes-Côte d\'Azur"
"Var"	"FR825"	"Provence-Alpes-Côte d\'Azur"
"Vaucluse"	"FR826"	"Provence-Alpes-Côte d\'Azur"
"Corse-du-Sud"	"FR831"	"Corse"
"Haute-Corse"	"FR832"	"Corse"
"Evros"	"GR111"	"Anatoliki Makedonia, Thraki"
"Xanthi"	"GR112"	"Anatoliki Makedonia, Thraki"
"Rodopi"	"GR113"	"Anatoliki Makedonia, Thraki"
"Drama"	"GR114"	"Anatoliki Makedonia, Thraki"
"Kavala"	"GR115"	"Anatoliki Makedonia, Thraki"
"Imathia"	"GR121"	"Kentriki Makedonia"
"Thessaloniki"	"GR122"	"Kentriki Makedonia"
"Kilkis"	"GR123"	"Kentriki Makedonia"
"Pella"	"GR124"	"Kentriki Makedonia"
"Pieria"	"GR125"	"Kentriki Makedonia"
"Serres"	"GR126"	"Kentriki Makedonia"
"Chalkidiki"	"GR127"	"Kentriki Makedonia"
"Grevena"	"GR131"	"Dytiki Makedonia"
"Kastoria"	"GR132"	"Dytiki Makedonia"
"Kozani"	"GR133"	"Dytiki Makedonia"
"Florina"	"GR134"	"Dytiki Makedonia"
"Karditsa"	"GR141"	"Thessalia"
"Larisa"	"GR142"	"Thessalia"
"Magnisia"	"GR143"	"Thessalia"
"Trikala"	"GR144"	"Thessalia"
"Arta"	"GR211"	"Ipeiros"
"Thesprotia"	"GR212"	"Ipeiros"
"Ioannina"	"GR213"	"Ipeiros"
"Preveza"	"GR214"	"Ipeiros"
"Zakynthos"	"GR221"	"Ionia Nisia"
"Kerkyra"	"GR222"	"Ionia Nisia"
"Kefallinia"	"GR223"	"Ionia Nisia"
"Lefkada"	"GR224"	"Ionia Nisia"
"Aitoloakarnania"	"GR231"	"Dytiki Ellada"
"Achaia"	"GR232"	"Dytiki Ellada"
"Ileia"	"GR233"	"Dytiki Ellada"
"Voiotia"	"GR241"	"Sterea Ellada"
"Evvoia"	"GR242"	"Sterea Ellada"
"Evrytania"	"GR243"	"Sterea Ellada"
"Fthiotida"	"GR244"	"Sterea Ellada"
"Fokida"	"GR245"	"Sterea Ellada"
"Argolida"	"GR251"	"Peloponnisos"
"Arkadia"	"GR252"	"Peloponnisos"
"Korinthia"	"GR253"	"Peloponnisos"
"Lakonia"	"GR254"	"Peloponnisos"
"Messinia"	"GR255"	"Peloponnisos"
"Lesvos"	"GR411"	"Voreio Aigaio"
"Samos"	"GR412"	"Voreio Aigaio"
"Chios"	"GR413"	"Voreio Aigaio"
"Dodekanisos"	"GR421"	"Notio Aigaio"
"Kyklades"	"GR422"	"Notio Aigaio"
"Irakleio"	"GR431"	"Kriti"
"Lasithi"	"GR432"	"Kriti"
"Rethymni"	"GR433"	"Kriti"
"Chania"	"GR434"	"Kriti"
"Border"	"IE011"	"Border, Midland and Western"
"Midland"	"IE012"	"Border, Midland and Western"
"West"	"IE013"	"Border, Midland and Western"
"Dublin"	"IE021"	"Southern and Eastern"
"Mid-East"	"IE022"	"Southern and Eastern"
"Mid-West"	"IE023"	"Southern and Eastern"
"South-East (IRL)"	"IE024"	"Southern and Eastern"
"South-West (IRL)"	"IE025"	"Southern and Eastern"
"Torino"	"ITC11"	"Piemonte"
"Vercelli"	"ITC12"	"Piemonte"
"Biella"	"ITC13"	"Piemonte"
"Verbano-Cusio-Ossola"	"ITC14"	"Piemonte"
"Novara"	"ITC15"	"Piemonte"
"Cuneo"	"ITC16"	"Piemonte"
"Asti"	"ITC17"	"Piemonte"
"Alessandria"	"ITC18"	"Piemonte"
"Imperia"	"ITC31"	"Liguria"
"Savona"	"ITC32"	"Liguria"
"Genova"	"ITC33"	"Liguria"
"La Spezia"	"ITC34"	"Liguria"
"Varese"	"ITC41"	"Lombardia"
"Como"	"ITC42"	"Lombardia"
"Lecco"	"ITC43"	"Lombardia"
"Sondrio"	"ITC44"	"Lombardia"
"Milano"	"ITC45"	"Lombardia"
"Bergamo"	"ITC46"	"Lombardia"
"Brescia"	"ITC47"	"Lombardia"
"Pavia"	"ITC48"	"Lombardia"
"Lodi"	"ITC49"	"Lombardia"
"Cremona"	"ITC4A"	"Lombardia"
"Mantova"	"ITC4B"	"Lombardia"
"Bolzano-Bozen"	"ITD10"	"Provincia Autonoma Bolzano/Bozen"
"Trento"	"ITD20"	"Provincia Autonoma Trento"
"Verona"	"ITD31"	"Veneto"
"Vicenza"	"ITD32"	"Veneto"
"Belluno"	"ITD33"	"Veneto"
"Treviso"	"ITD34"	"Veneto"
"Venezia"	"ITD35"	"Veneto"
"Padova"	"ITD36"	"Veneto"
"Rovigo"	"ITD37"	"Veneto"
"Pordenone"	"ITD41"	"Friuli-Venezia Giulia"
"Udine"	"ITD42"	"Friuli-Venezia Giulia"
"Gorizia"	"ITD43"	"Friuli-Venezia Giulia"
"Trieste"	"ITD44"	"Friuli-Venezia Giulia"
"Piacenza"	"ITD51"	"Emilia-Romagna"
"Parma"	"ITD52"	"Emilia-Romagna"
"Reggio nell\'Emilia"	"ITD53"	"Emilia-Romagna"
"Modena"	"ITD54"	"Emilia-Romagna"
"Bologna"	"ITD55"	"Emilia-Romagna"
"Ferrara"	"ITD56"	"Emilia-Romagna"
"Ravenna"	"ITD57"	"Emilia-Romagna"
"Forlì-Cesena"	"ITD58"	"Emilia-Romagna"
"Rimini"	"ITD59"	"Emilia-Romagna"
"Massa-Carrara"	"ITE11"	"Toscana"
"Lucca"	"ITE12"	"Toscana"
"Pistoia"	"ITE13"	"Toscana"
"Firenze"	"ITE14"	"Toscana"
"Prato"	"ITE15"	"Toscana"
"Livorno"	"ITE16"	"Toscana"
"Pisa"	"ITE17"	"Toscana"
"Arezzo"	"ITE18"	"Toscana"
"Siena"	"ITE19"	"Toscana"
"Grosseto"	"ITE1A"	"Toscana"
"Perugia"	"ITE21"	"Umbria"
"Terni"	"ITE22"	"Umbria"
"Pesaro e Urbino"	"ITE31"	"Marche"
"Ancona"	"ITE32"	"Marche"
"Macerata"	"ITE33"	"Marche"
"Ascoli Piceno"	"ITE34"	"Marche"
"Viterbo"	"ITE41"	"Lazio"
"Rieti"	"ITE42"	"Lazio"
"Roma"	"ITE43"	"Lazio"
"Latina"	"ITE44"	"Lazio"
"Frosinone"	"ITE45"	"Lazio"
"L\'Aquila"	"ITF11"	"Abruzzo"
"Teramo"	"ITF12"	"Abruzzo"
"Pescara"	"ITF13"	"Abruzzo"
"Chieti"	"ITF14"	"Abruzzo"
"Isernia"	"ITF21"	"Molise"
"Campobasso"	"ITF22"	"Molise"
"Caserta"	"ITF31"	"Campania"
"Benevento"	"ITF32"	"Campania"
"Napoli"	"ITF33"	"Campania"
"Avellino"	"ITF34"	"Campania"
"Salerno"	"ITF35"	"Campania"
"Foggia"	"ITF41"	"Puglia"
"Bari"	"ITF42"	"Puglia"
"Taranto"	"ITF43"	"Puglia"
"Brindisi"	"ITF44"	"Puglia"
"Lecce"	"ITF45"	"Puglia"
"Potenza"	"ITF51"	"Basilicata"
"Matera"	"ITF52"	"Basilicata"
"Cosenza"	"ITF61"	"Calabria"
"Crotone"	"ITF62"	"Calabria"
"Catanzaro"	"ITF63"	"Calabria"
"Vibo Valentia"	"ITF64"	"Calabria"
"Reggio di Calabria"	"ITF65"	"Calabria"
"Trapani"	"ITG11"	"Sicilia"
"Palermo"	"ITG12"	"Sicilia"
"Messina"	"ITG13"	"Sicilia"
"Agrigento"	"ITG14"	"Sicilia"
"Caltanissetta"	"ITG15"	"Sicilia"
"Enna"	"ITG16"	"Sicilia"
"Catania"	"ITG17"	"Sicilia"
"Ragusa"	"ITG18"	"Sicilia"
"Siracusa"	"ITG19"	"Sicilia"
"Sassari"	"ITG21"	"Sardegna"
"Nuoro"	"ITG22"	"Sardegna"
"Oristano"	"ITG23"	"Sardegna"
"Cagliari"	"ITG24"	"Sardegna"
"Oost-Groningen"	"NL111"	"Groningen"
"Delfzijl en omgeving"	"NL112"	"Groningen"
"Overig Groningen"	"NL113"	"Groningen"
"Noord-Friesland"	"NL121"	"Friesland"
"Zuidwest-Friesland"	"NL122"	"Friesland"
"Zuidoost-Friesland"	"NL123"	"Friesland"
"Noord-Drenthe"	"NL131"	"Drenthe"
"Zuidoost-Drenthe"	"NL132"	"Drenthe"
"Zuidwest-Drenthe"	"NL133"	"Drenthe"
"Noord-Overijssel"	"NL211"	"Overijssel"
"Zuidwest-Overijssel"	"NL212"	"Overijssel"
"Twente"	"NL213"	"Overijssel"
"Veluwe"	"NL221"	"Gelderland"
"Achterhoek"	"NL222"	"Gelderland"
"Arnhem/Nijmegen"	"NL223"	"Gelderland"
"Zuidwest-Gelderland"	"NL224"	"Gelderland"
"Kop van Noord-Holland"	"NL321"	"Noord-Holland"
"Alkmaar en omgeving"	"NL322"	"Noord-Holland"
"IJmond"	"NL323"	"Noord-Holland"
"Agglomeratie Haarlem"	"NL324"	"Noord-Holland"
"Zaanstreek"	"NL325"	"Noord-Holland"
"Groot-Amsterdam"	"NL326"	"Noord-Holland"
"Het Gooi en Vechtstreek"	"NL327"	"Noord-Holland"
"Agglomeratie Leiden en Bollenstreek"	"NL331"	"Zuid-Holland"
"Agglomeratie \'s-Gravenhage"	"NL332"	"Zuid-Holland"
"Delft en Westland"	"NL333"	"Zuid-Holland"
"Oost-Zuid-Holland"	"NL334"	"Zuid-Holland"
"Groot-Rijnmond"	"NL335"	"Zuid-Holland"
"Zuidoost-Zuid-Holland"	"NL336"	"Zuid-Holland"
"Zeeuwsch-Vlaanderen"	"NL341"	"Zeeland"
"Overig Zeeland"	"NL342"	"Zeeland"
"West-Noord-Brabant"	"NL411"	"Noord-Brabant"
"Midden-Noord-Brabant"	"NL412"	"Noord-Brabant"
"Noordoost-Noord-Brabant"	"NL413"	"Noord-Brabant"
"Zuidoost-Noord-Brabant"	"NL414"	"Noord-Brabant"
"Noord-Limburg"	"NL421"	"Limburg (NL)"
"Midden-Limburg"	"NL422"	"Limburg (NL)"
"Zuid-Limburg"	"NL423"	"Limburg (NL)"
"Minho-Lima"	"PT111"	"Norte"
"Cávado"	"PT112"	"Norte"
"Ave"	"PT113"	"Norte"
"Grande Porto"	"PT114"	"Norte"
"Tâmega"	"PT115"	"Norte"
"Entre Douro e Vouga"	"PT116"	"Norte"
"Douro"	"PT117"	"Norte"
"Alto Trás-os-Montes"	"PT118"	"Norte"
"Baixo Vouga"	"PT161"	"Centro (P)"
"Baixo Mondego"	"PT162"	"Centro (P)"
"Pinhal Litoral"	"PT163"	"Centro (P)"
"Pinhal Interior Norte"	"PT164"	"Centro (P)"
"Dâo-Lafôes"	"PT165"	"Centro (P)"
"Pinhal Interior Sul"	"PT166"	"Centro (P)"
"Serra da Estrela"	"PT167"	"Centro (P)"
"Beira Interior Norte"	"PT168"	"Centro (P)"
"Beira Interior Sul"	"PT169"	"Centro (P)"
"Cova da Beira"	"PT16A"	"Centro (P)"
"Região Autónoma dos Açores"	"PT200"	"Região Autónoma dos Açores"
"Grande Lisboa"	"PT171"	"Lisboa"
"Península de Setúbal"	"PT172"	"Lisboa"
"Alentejo Litoral"	"PT181"	"Alentejo"
"Alto Alentejo"	"PT182"	"Alentejo"
"Alentejo Central"	"PT183"	"Alentejo"
"Baixo Alentejo"	"PT184"	"Alentejo"
"Leziria do Tejo"	"PT185"	"Alentejo"
"Stockholms län"	"SE011"	"Stockholm"
"Uppsala län"	"SE021"	"Östra Mellansverige"
"Södermanlands län"	"SE022"	"Östra Mellansverige"
"Östergötlands län"	"SE023"	"Östra Mellansverige"
"Örebro län"	"SE024"	"Östra Mellansverige"
"Västmanlands län"	"SE025"	"Östra Mellansverige"
"Blekinge län"	"SE041"	"Sydsverige"
"Skåne län"	"SE044"	"Sydsverige"
"Värmlands län"	"SE061"	"Norra Mellansverige"
"Dalarnas län"	"SE062"	"Norra Mellansverige"
"Gävleborgs län"	"SE063"	"Norra Mellansverige"
"Västernorrlands län"	"SE071"	"Mellersta Norrland"
"Jämtlands län"	"SE072"	"Mellersta Norrland"
"Västerbottens län"	"SE081"	"Övre Norrland"
"Norrbottens län"	"SE082"	"Övre Norrland"
"Jönköpings län"	"SE091"	"Småland med öarna"
"Kronobergs län"	"SE092"	"Småland med öarna"
"Kalmar län"	"SE093"	"Småland med öarna"
"Gotlands län"	"SE094"	"Småland med öarna"
"Hallands län"	"SE0A1"	"Västsverige"
"Västra Götalands län"	"SE0A2"	"Västsverige"
"Hartlepool and Stockton-on-Tees"	"UKC11"	"Tees Valley and Durham"
"South Teesside"	"UKC12"	"Tees Valley and Durham"
"Darlington"	"UKC13"	"Tees Valley and Durham"
"Durham CC"	"UKC14"	"Tees Valley and Durham"
"Northumberland"	"UKC21"	"Northumberland and Tyne and Wear"
"Tyneside"	"UKC22"	"Northumberland and Tyne and Wear"
"Sunderland"	"UKC23"	"Northumberland and Tyne and Wear"
"West Cumbria"	"UKD11"	"Cumbria"
"East Cumbria"	"UKD12"	"Cumbria"
"Halton and Warrington"	"UKD21"	"Cheshire"
"Cheshire CC"	"UKD22"	"Cheshire"
"Greater Manchester South"	"UKD31"	"Greater Manchester"
"Greater Manchester North"	"UKD32"	"Greater Manchester"
"Blackburn with Darwen"	"UKD41"	"Lancashire"
"Blackpool"	"UKD42"	"Lancashire"
"Lancashire CC"	"UKD43"	"Lancashire"
"East Merseyside"	"UKD51"	"Merseyside"
"Liverpool"	"UKD52"	"Merseyside"
"Sefton"	"UKD53"	"Merseyside"
"Wirral"	"UKD54"	"Merseyside"
"Kingston upon Hull, City of"	"UKE11"	"East Riding and North Lincolnshire"
"East Riding of Yorkshire"	"UKE12"	"East Riding and North Lincolnshire"
"North and North East Lincolnshire"	"UKE13"	"East Riding and North Lincolnshire"
"York"	"UKE21"	"North Yorkshire"
"North Yorkshire CC"	"UKE22"	"North Yorkshire"
"Barnsley, Doncaster and Rotherham"	"UKE31"	"South Yorkshire"
"Sheffield"	"UKE32"	"South Yorkshire"
"Bradford"	"UKE41"	"West Yorkshire"
"Leeds"	"UKE42"	"West Yorkshire"
"Calderdale, Kirklees and Wakefield"	"UKE43"	"West Yorkshire"
"Derby"	"UKF11"	"Derbyshire and Nottinghamshire"
"East Derbyshire"	"UKF12"	"Derbyshire and Nottinghamshire"
"South and West Derbyshire"	"UKF13"	"Derbyshire and Nottinghamshire"
"Nottingham"	"UKF14"	"Derbyshire and Nottinghamshire"
"North Nottinghamshire"	"UKF15"	"Derbyshire and Nottinghamshire"
"South Nottinghamshire"	"UKF16"	"Derbyshire and Nottinghamshire"
"Leicester"	"UKF21"	"Leicestershire, Rutland and Northamptonshire"
"Leicestershire CC and Rutland"	"UKF22"	"Leicestershire, Rutland and Northamptonshire"
"Northamptonshire"	"UKF23"	"Leicestershire, Rutland and Northamptonshire"
"Herefordshire, County of"	"UKG11"	"Herefordshire, Worcestershire and Warwickshire"
"Worcestershire"	"UKG12"	"Herefordshire, Worcestershire and Warwickshire"
"Warwickshire"	"UKG13"	"Herefordshire, Worcestershire and Warwickshire"
"Telford and Wrekin"	"UKG21"	"Shropshire and Staffordshire"
"Shropshire CC"	"UKG22"	"Shropshire and Staffordshire"
"Stoke-on-Trent"	"UKG23"	"Shropshire and Staffordshire"
"Staffordshire CC"	"UKG24"	"Shropshire and Staffordshire"
"Birmingham"	"UKG31"	"West Midlands"
"Solihull"	"UKG32"	"West Midlands"
"Coventry"	"UKG33"	"West Midlands"
"Dudley and Sandwell"	"UKG34"	"West Midlands"
"Walsall and Wolverhampton"	"UKG35"	"West Midlands"
"Peterborough"	"UKH11"	"East Anglia"
"Cambridgeshire CC"	"UKH12"	"East Anglia"
"Norfolk"	"UKH13"	"East Anglia"
"Suffolk"	"UKH14"	"East Anglia"
"Luton"	"UKH21"	"Bedfordshire and Hertfordshire"
"Bedfordshire CC"	"UKH22"	"Bedfordshire and Hertfordshire"
"Hertfordshire"	"UKH23"	"Bedfordshire and Hertfordshire"
"Southend-on-Sea"	"UKH31"	"Essex"
"Thurrock"	"UKH32"	"Essex"
"Essex CC"	"UKH33"	"Essex"
"Inner London - West"	"UKI11"	"Inner London"
"Inner London - East"	"UKI12"	"Inner London"
"Outer London - East and North East"	"UKI21"	"Outer London"
"Outer London - South"	"UKI22"	"Outer London"
"Outer London - West and North West"	"UKI23"	"Outer London"
"Berkshire"	"UKJ11"	"Berkshire, Buckinghamshire and Oxfordshire"
"Milton Keynes"	"UKJ12"	"Berkshire, Buckinghamshire and Oxfordshire"
"Buckinghamshire CC"	"UKJ13"	"Berkshire, Buckinghamshire and Oxfordshire"
"Oxfordshire"	"UKJ14"	"Berkshire, Buckinghamshire and Oxfordshire"
"Brighton and Hove"	"UKJ21"	"Surrey, East and West Sussex"
"East Sussex CC"	"UKJ22"	"Surrey, East and West Sussex"
"Surrey"	"UKJ23"	"Surrey, East and West Sussex"
"West Sussex"	"UKJ24"	"Surrey, East and West Sussex"
"Portsmouth"	"UKJ31"	"Hampshire and Isle of Wight"
"Southampton"	"UKJ32"	"Hampshire and Isle of Wight"
"Hampshire CC"	"UKJ33"	"Hampshire and Isle of Wight"
"Isle of Wight"	"UKJ34"	"Hampshire and Isle of Wight"
"Medway"	"UKJ41"	"Kent"
"Kent CC"	"UKJ42"	"Kent"
"Bristol, City of"	"UKK11"	"Gloucestershire, Wiltshire and North Somerset"
"North and North East Somerset, South Gloucestershire"	"UKK12"	"Gloucestershire, Wiltshire and North Somerset"
"Gloucestershire"	"UKK13"	"Gloucestershire, Wiltshire and North Somerset"
"Swindon"	"UKK14"	"Gloucestershire, Wiltshire and North Somerset"
"Wiltshire CC"	"UKK15"	"Gloucestershire, Wiltshire and North Somerset"
"Bournemouth and Poole"	"UKK21"	"Dorset and Somerset"
"Dorset CC"	"UKK22"	"Dorset and Somerset"
"Somerset"	"UKK23"	"Dorset and Somerset"
"Plymouth"	"UKK41"	"Devon"
"Torbay"	"UKK42"	"Devon"
"Devon CC"	"UKK43"	"Devon"
"Isle of Anglesey"	"UKL11"	"West Wales and The Valleys"
"Gwynedd"	"UKL12"	"West Wales and The Valleys"
"Conwy and Denbighshire"	"UKL13"	"West Wales and The Valleys"
"South West Wales"	"UKL14"	"West Wales and The Valleys"
"Central Valleys"	"UKL15"	"West Wales and The Valleys"
"Gwent Valleys"	"UKL16"	"West Wales and The Valleys"
"Bridgend and Neath Port Talbot"	"UKL17"	"West Wales and The Valleys"
"Swansea"	"UKL18"	"West Wales and The Valleys"
"Monmouthshire and Newport"	"UKL21"	"East Wales"
"Cardiff and Vale of Glamorgan"	"UKL22"	"East Wales"
"Flintshire and Wrexham"	"UKL23"	"East Wales"
"Powys"	"UKL24"	"East Wales"
"Aberdeen City, Aberdeenshire and North East Moray"	"UKM10"	"North Eastern Scotland"
"Angus and Dundee City"	"UKM21"	"Eastern Scotland"
"Clackmannanshire and Fife"	"UKM22"	"Eastern Scotland"
"East Lothian and Midlothian"	"UKM23"	"Eastern Scotland"
"Scottish Borders, The"	"UKM24"	"Eastern Scotland"
"Edinburgh, City of"	"UKM25"	"Eastern Scotland"
"Falkirk"	"UKM26"	"Eastern Scotland"
"Perth and Kinross and Stirling"	"UKM27"	"Eastern Scotland"
"West Lothian"	"UKM28"	"Eastern Scotland"
"East and West Dunbartonshire, Helensburgh and Lomond"	"UKM31"	"South Western Scotland"
"Dumfries and Galloway"	"UKM32"	"South Western Scotland"
"East Ayrshire and North Ayrshire Mainland"	"UKM33"	"South Western Scotland"
"Glasgow City"	"UKM34"	"South Western Scotland"
"Inverclyde, East Renfrewshire and Renfrewshire"	"UKM35"	"South Western Scotland"
"North Lanarkshire"	"UKM36"	"South Western Scotland"
"South Ayrshire"	"UKM37"	"South Western Scotland"
"South Lanarkshire"	"UKM38"	"South Western Scotland"
"Caithness and Sutherland and Ross and Cromarty"	"UKM41"	"Highlands and Islands"
"Inverness and Nairn and Moray, Badenoch and Strathspey"	"UKM42"	"Highlands and Islands"
"Lochaber, Skye and Lochalsh and Argyll and the Islands"	"UKM43"	"Highlands and Islands"
"Eilean Siar (Western Isles)"	"UKM44"	"Highlands and Islands"
"Orkney Islands"	"UKM45"	"Highlands and Islands"
"Shetland Islands"	"UKM46"	"Highlands and Islands"
"Belfast"	"UKN01"	"Northern Ireland"
"Outer Belfast"	"UKN02"	"Northern Ireland"
"East of Northern Ireland"	"UKN03"	"Northern Ireland"
"North of Northern Ireland"	"UKN04"	"Northern Ireland"
"West and South of Northern Ireland"	"UKN05"	"Northern Ireland"
"Stredocesky"	"CZ020"	"Stredni Cechy"
"Jihocesky"	"CZ031"	"Jihozapad"
"Plzensky"	"CZ032"	"Jihozapad"
"Karlovarsky"	"CZ041"	"Severozapad"
"Ustecky"	"CZ042"	"Severozapad"
"Liberecky"	"CZ051"	"Severovychod"
"Kralovehradecky"	"CZ052"	"Severovychod"
"Pardubicky"	"CZ053"	"Severovychod"
"Vysocina"	"CZ061"	"Jihovychod"
"Jihomoravsky"	"CZ062"	"Jihovychod"
"Olomoucky"	"CZ071"	"Stredni Morava"
"Zlinsky"	"CZ072"	"Stredni Morava"
"Moravskoslezsky"	"CZ080"	"Moravskoslezsko"
"Bratislavsky kraj"	"SK010"	"Bratislavsky kraj"
"Trnavsky kraj"	"SK021"	"Zapadne Slovensko"
"Trenciansky kraj"	"SK022"	"Zapadne Slovensko"
"Nitriansky kraj"	"SK023"	"Zapadne Slovensko"
"Zilinsky kraj"	"SK031"	"Stredne Slovensko"
"Banskobystricky kraj"	"SK032"	"Stredne Slovensko"
"Presovsky kraj"	"SK041"	"Vychodne Slovensko"
"Kosicky kraj"	"SK042"	"Vychodne Slovensko"
"Miasto Poznan"	"PL415"	"Wielkopolskie"
"Koninski"	"PL414"	"Wielkopolskie"
"Kaliski"	"PL413"	"Wielkopolskie"
"Poznanski"	"PL412"	"Wielkopolskie"
"Pilski"	"PL411"	"Wielkopolskie"
"Lomzynski"	"PL342"	"Podlaskie"
"Bialostocko-suwalski"	"PL341"	"Podlaskie"
"Swietokrzyski"	"PL330"	"Swietokrzyskie"
"Krosniensko-przemyski"	"PL322"	"Podkarpackie"
"Rzeszowsko-tarnobrzeski"	"PL321"	"Podkarpackie"
"Lubelski"	"PL313"	"Lubelskie"
"Chelmsko-zamojski"	"PL312"	"Lubelskie"
"Bialskopodlaski"	"PL311"	"Lubelskie"
"Rybnicko-jastrzebski"	"PL227"	"Slaskie"
"Centralny slaski"	"PL226"	"Slaskie"
"Bielsko-bialski"	"PL225"	"Slaskie"
"Czestochowski"	"PL224"	"Slaskie"
"Miasto Krakow"	"PL213"	"Malopolskie"
"Nowosadecki"	"PL212"	"Malopolskie"
"Krakowsko-tarnowski"	"PL211"	"Malopolskie"
"Miasto Warszawa"	"PL127"	"Mazowieckie"
"Warszawski"	"PL126"	"Mazowieckie"
"Radomski"	"PL124"	"Mazowieckie"
"Ostrolecko-siedlecki"	"PL122"	"Mazowieckie"
"Ciechanowsko-plocki"	"PL121"	"Mazowieckie"
"Miasto Lodz"	"PL113"	"Lodzkie"
"Piotrkowsko-skierniewicki"	"PL112"	"Lodzkie"
"Lodzki"	"PL111"	"Lodzkie"
"Szczecinski"	"PL421"	"Zachodniopomorskie"
"Koszalinski"	"PL422"	"Zachodniopomorskie"
"Gorzowski"	"PL431"	"Lubuskie"
"Zielonogorski"	"PL432"	"Lubuskie"
"Jeleniogorsko-walbrzyski"	"PL511"	"Dolnoslaskie"
"Legnicki"	"PL512"	"Dolnoslaskie"
"Wroclawski"	"PL513"	"Dolnoslaskie"
"Miasto Wroclaw"	"PL514"	"Dolnoslaskie"
"Opolski"	"PL520"	"Opolskie"
"Bydgoski"	"PL611"	"Kujawsko-Pomorskie"
"Torunsko-wloclawski"	"PL612"	"Kujawsko-Pomorskie"
"Elblaski"	"PL621"	"Warminsko-Mazurskie"
"Olsztynski"	"PL622"	"Warminsko-Mazurskie"
"Elcki"	"PL623"	"Warminsko-Mazurskie"
"Slupski"	"PL631"	"Pomorskie"
"Gdanski"	"PL632"	"Pomorskie"
"Gdansk-Gdynia-Sopot"	"PL633"	"Pomorskie"
"Bacau"	"RO011"	"Nord-Est"
"Botosani"	"RO012"	"Nord-Est"
"Iasi"	"RO013"	"Nord-Est"
"Neamt"	"RO014"	"Nord-Est"
"Suceava"	"RO015"	"Nord-Est"
"Vaslui"	"RO016"	"Nord-Est"
"Braila"	"RO021"	"Sud-Est"
"Buzau"	"RO022"	"Sud-Est"
"Constanta"	"RO023"	"Sud-Est"
"Galati"	"RO024"	"Sud-Est"
"Tulcea"	"RO025"	"Sud-Est"
"Vrancea"	"RO026"	"Sud-Est"
"Arges"	"RO031"	"Sud"
"Calarasi"	"RO032"	"Sud"
"Dambovita"	"RO033"	"Sud"
"Giurgiu"	"RO034"	"Sud"
"Ialomita"	"RO035"	"Sud"
"Prahova"	"RO036"	"Sud"
"Teleorman"	"RO037"	"Sud"
"Dolj"	"RO041"	"Sud-Vest"
"Gorj"	"RO042"	"Sud-Vest"
"Mehedinti"	"RO043"	"Sud-Vest"
"Olt"	"RO044"	"Sud-Vest"
"Valcea"	"RO045"	"Sud-Vest"
"Arad"	"RO051"	"Vest"
"Caras-Severin"	"RO052"	"Vest"
"Hunedoara"	"RO053"	"Vest"
"Timis"	"RO054"	"Vest"
"Bihor"	"RO061"	"Nord-Vest"
"Bistrita-Nasaud"	"RO062"	"Nord-Vest"
"Cluj"	"RO063"	"Nord-Vest"
"Maramures"	"RO064"	"Nord-Vest"
"Satu Mare"	"RO065"	"Nord-Vest"
"Salaj"	"RO066"	"Nord-Vest"
"Alba"	"RO071"	"Centru"
"Brasov"	"RO072"	"Centru"
"Covasna"	"RO073"	"Centru"
"Harghita"	"RO074"	"Centru"
"Mures"	"RO075"	"Centru"
"Sibiu"	"RO076"	"Centru"
"Bucuresti"	"RO081"	"Bucuresti"
"Ilfov"	"RO082"	"Bucuresti"
"Pomurska"	"SI001"	"Slovenija"
"Podravska"	"SI002"	"Slovenija"
"Koroska"	"SI003"	"Slovenija"
"Savinjska"	"SI004"	"Slovenija"
"Zasavska"	"SI005"	"Slovenija"
"Spodnjeposavska"	"SI006"	"Slovenija"
"Gorenjska"	"SI009"	"Slovenija"
"Notranjsko-kraska"	"SI00A"	"Slovenija"
"Goriska"	"SI00B"	"Slovenija"
"Obalno-kraska"	"SI00C"	"Slovenija"
"Jugovzhodna Slovenija"	"SI00D"	"Slovenija"
"Osrednjeslovenska"	"SI00E"	"Slovenija"
"Alytaus apskritis"	"LT001"	"Lietuva"
"Kauno apskritis"	"LT002"	"Lietuva"
"Klaipedos apskritis"	"LT003"	"Lietuva"
"Marijampoles apskritis"	"LT004"	"Lietuva"
"Panevezio apskritis"	"LT005"	"Lietuva"
"Siauliu apskritis"	"LT006"	"Lietuva"
"Taurages apskritis"	"LT007"	"Lietuva"
"Telsiu apskritis"	"LT008"	"Lietuva"
"Utenos apskritis"	"LT009"	"Lietuva"
"Vilniaus apskritis"	"LT00A"	"Lietuva"
"Kurzeme"	"LV003"	"Latvija"
"Latgale"	"LV005"	"Latvija"
"Riga"	"LV006"	"Latvija"
"Pieriga"	"LV007"	"Latvija"
"Vidzeme"	"LV008"	"Latvija"
"Zemgale"	"LV009"	"Latvija"
"Põhja-Eesti"	"EE001"	"Eesti"
"Lääne-Eesti"	"EE004"	"Eesti"
"Kesk-Eesti"	"EE006"	"Eesti"
"Kirde-Eesti"	"EE007"	"Eesti"
"Lõuna-Eesti"	"EE008"	"Eesti"
"Vidin"	"BG111"	"Severozapaden"
"Montana"	"BG112"	"Severozapaden"
"Vratsa"	"BG113"	"Severozapaden"
"Pleven"	"BG121"	"Severen tsentralen"
"Lovech"	"BG122"	"Severen tsentralen"
"Veliko Tarnovo"	"BG123"	"Severen tsentralen"
"Gabrovo"	"BG124"	"Severen tsentralen"
"Ruse"	"BG125"	"Severen tsentralen"
"Varna"	"BG131"	"Severoiztochen"
"Dobrich"	"BG132"	"Severoiztochen"
"Shumen"	"BG133"	"Severoiztochen"
"Targovishte"	"BG134"	"Severoiztochen"
"Razgrad"	"BG135"	"Severoiztochen"
"Silistra"	"BG136"	"Severoiztochen"
"Sofia (stolitsa)"	"BG211"	"Yugozapaden"
"Sofia"	"BG212"	"Yugozapaden"
"Blagoevgrad"	"BG213"	"Yugozapaden"
"Pernik"	"BG214"	"Yugozapaden"
"Kyustendil"	"BG215"	"Yugozapaden"
"Plovdiv"	"BG221"	"Yuzhen tsentralen"
"Stara Zagora"	"BG222"	"Yuzhen tsentralen"
"Haskovo"	"BG223"	"Yuzhen tsentralen"
"Pazardzhik"	"BG224"	"Yuzhen tsentralen"
"Smolyan"	"BG225"	"Yuzhen tsentralen"
"Kardzhali"	"BG226"	"Yuzhen tsentralen"
"Burgas"	"BG231"	"Yugoiztochen"
"Sliven"	"BG232"	"Yugoiztochen"
"Yambol"	"BG233"	"Yugoiztochen"
"Kypros / Kibris"	"CY000"	"Kypros / Kibris"
"Budapest"	"HU101"	"Kozep-Magyarorszag"
"Pest"	"HU102"	"Kozep-Magyarorszag"
"Fejer"	"HU211"	"Kozep-Dunantul"
"Komarom-Esztergom"	"HU212"	"Kozep-Dunantul"
"Veszprem"	"HU213"	"Kozep-Dunantul"
"Gyor-Moson-Sopron"	"HU221"	"Nyugat-Dunantul"
"Vas"	"HU222"	"Nyugat-Dunantul"
"Zala"	"HU223"	"Nyugat-Dunantul"
"Baranya"	"HU231"	"Del-Dunantul"
"Somogy"	"HU232"	"Del-Dunantul"
"Tolna"	"HU233"	"Del-Dunantul"
"Borsod-Abauj-Zemplen"	"HU311"	"Eszak-Magyarorszag"
"Heves"	"HU312"	"Eszak-Magyarorszag"
"Nograd"	"HU313"	"Eszak-Magyarorszag"
"Hajdu-Bihar"	"HU321"	"Eszak-Alfold"
"Jasz-Nagykun-Szolnok"	"HU322"	"Eszak-Alfold"
"Szabolcs-Szatmar-Bereg"	"HU323"	"Eszak-Alfold"
"Bacs-Kiskun"	"HU331"	"Del-Alfold"
"Bekes"	"HU332"	"Del-Alfold"
"Csongrad"	"HU333"	"Del-Alfold"
"Malta"	"MT001"	"Malta"
"Gozo and Comino/Ghawdex u Kemmuna"	"MT002"	"Malta"
"Oslo"	"NO011"	"Oslo og Akershus"
"Akershus"	"NO012"	"Oslo og Akershus"
"Hedmark"	"NO021"	"Hedmark og Oppland"
"Oppland"	"NO022"	"Hedmark og Oppland"
"Østfold"	"NO031"	"Sør-Østlandet"
"Buskerud"	"NO032"	"Sør-Østlandet"
"Vestfold"	"NO033"	"Sør-Østlandet"
"Telemark"	"NO034"	"Sør-Østlandet"
"Aust-Agder"	"NO041"	"Agder og Rogaland"
"Vest-Agder"	"NO042"	"Agder og Rogaland"
"Rogaland"	"NO043"	"Agder og Rogaland"
"Hordaland"	"NO051"	"Vestlandet"
"Sogn og Fjordane"	"NO052"	"Vestlandet"
"Møre og Romsdal"	"NO053"	"Vestlandet"
"Sør-Trøndelag"	"NO061"	"Trøndelag"
"Nord-Trøndelag"	"NO062"	"Trøndelag"
"Nordland"	"NO071"	"Nord-Norge"
"Troms"	"NO072"	"Nord-Norge"
"Finnmark"	"NO073"	"Nord-Norge"
"Hlavni mesto Praha"	"CZ010"	"Praha"
"Valle d\'Aosta/Vallée d\'Aoste"	"ITC20"	"Valle d\'Aosta/Vallée d\'Aoste"
"Luxembourg (Grand-Duché)"	"LU000"	"Luxembourg (Grand-Duché)"
"Algarve"	"PT150"	"Algarve"
"Oeste"	"PT16B"	"Centro (P)"
"Médio Tejo"	"PT16C"	"Centro (P)"
"Região Autónoma da Madeira"	"PT300"	"Região Autónoma da Madeira"
"Päijät-Häme"	"FI185"	"Etelä-Suomi"
"Kymenlaakso"	"FI186"	"Etelä-Suomi"
"Etelä-Karjala"	"FI187"	"Etelä-Suomi"
"Keski-Suomi"	"FI193"	"Länsi-Suomi"
"Etelä-Pohjanmaa"	"FI194"	"Länsi-Suomi"
"Pohjanmaa"	"FI195"	"Länsi-Suomi"
"Hrvatska"	"HR0"	"Croatia"
"Jadranska Hrvatska"	"HR03"	"Hrvatska"
"Kontinentalna Hrvatska"	"HR04"	"Hrvatska"
"Grad Zagreb"	"HR041"	"Kontinentalna Hrvatska"
"Zagrebačka županija"	"HR042"	"Kontinentalna Hrvatska"
"Krapinsko-zagorska županija"	"HR043"	"Kontinentalna Hrvatska"
"Varaždinska županija"	"HR044"	"Kontinentalna Hrvatska"
"Koprivničko-križevačka županija"	"HR045"	"Kontinentalna Hrvatska"
"Međimurska županija"	"HR046"	"Kontinentalna Hrvatska"
"Bjelovarsko-bilogorska županija"	"HR047"	"Kontinentalna Hrvatska"
"Virovitičko-podravska županija"	"HR048"	"Kontinentalna Hrvatska"
"Požeško-slavonska županija"	"HR049"	"Kontinentalna Hrvatska"
"Brodsko-posavska županija"	"HR04A"	"Kontinentalna Hrvatska"
"Osječko-baranjska županija"	"HR04B"	"Kontinentalna Hrvatska"
"Vukovarsko-srijemska županija"	"HR04C"	"Kontinentalna Hrvatska"
"Karlovačka županija"	"HR04D"	"Kontinentalna Hrvatska"
"Sisačko-moslavačka županija"	"HR04E"	"Kontinentalna Hrvatska"
"Primorsko-goranska županija"	"HR031"	"Jadranska Hrvatska"
"Ličko-senjska županija"	"HR032"	"Jadranska Hrvatska"
"Zadarska županija"	"HR033"	"Jadranska Hrvatska"
"Šibensko-kninska županija"	"HR034"	"Jadranska Hrvatska"
"Splitsko-dalmatinska županija"	"HR035"	"Jadranska Hrvatska"
"Istarska županija"	"HR036"	"Jadranska Hrvatska"
"Dubrovačko-neretvanska županija"	"HR037"	"Jadranska Hrvatska"
